sku,name,category,subcategory,description,moq,gst_rate,base_price,list_price,has_sizes,image,lead_time_days,active,sort_order,related_skus,auto_related_skus,event_tags
ARTIS-001,Artistix Avian Laptop Backpack,Backpacks,Backpacks,"Brand: Artistix


- Premium water-repellent nylon construction with smooth zippers.
- Spacious 32L capacity with padded laptop/tablet compartment and organizer pockets.
- Hidden anti-theft back pocket for added security.
- Built-in USB charging port for convenient charging on the go.
- Side pockets, front utility pocket, and magnetic flap closure for easy access.
- Trolley strap, soft handle, and padded shoulder straps for travel comfort.
- Dimensions: 46 x 32 x 20 cm | Weight: 1.2 kg | Color: Black.
- Designed and Made in India.",25,18,3359,4199,FALSE,https://cdn.store.link/products/store18473/5xjk73-artis-001.png?versionId=94B4hbgFeXLOPQhDauB_RE8QVtXyzBTb,14,TRUE,0,,,
OW-NMDBLK,"Nomad Laptop Backpack for Laptops up to 15.6"" with Integrated Dual USB Type-C Fast-Charging Upto 35 Watts (Black)",Backpacks,Backpacks,"Brand: Okami



- The Nomad Backpack by Okami is designed as a versatile, premium backpack suitable for work, travel, and everyday use.
- Built to seamlessly adapt from work to leisure, making it an ideal all-day, dawn-to-dusk companion.
- Features a dedicated laptop compartment for devices up to 15.6 inches, with suspension-mounted technology and a retractable strap for enhanced protection against drops.
- Equipped with OkamiTech proprietary dual USB Type-C system, offering up to 35W fast charging along with a standard USB port integrated into the side panel.
- Includes dual quick-access side pockets, three front pockets, and a multi-utility organizer for efficient storage.
- Designed with a deep top-loading main compartment featuring an internal organizer and a metal key hook for convenience.
- Made using durable water-resistant fabric and zippers, engineered in collaboration with DRYE by Okami.
- Combines functionality, organization, and premium design for modern, on-the-go lifestyles.",100,18,4239,5299,TRUE,https://cdn.store.link/products/store18473/4n-nk5-nomad%20classic.png?versionId=ht23coATHTwlKWLAHODjKJbhOLRszJPg,7,TRUE,1,,,
MOKO-018,Transit Backpack,Backpacks,Backpacks,"Brand: Mokobara

- Incredible functionality with a sleek minimalist design.
- Crafted with durable, water-resistant materials and premium zippers.
- Front compartment houses pen pockets, slip pockets and a zipper pocket.
- Dedicated tech compartment will hold your laptop, books and chargers securely.
- Padded laptop compartment that fits up to a 15 inch laptop with a strap lock & a 180 ° flat opening for easy access.
- Has two hidden water bottle/umbrella compartments. 
- Has a silicon grab handle & ergonomic shoulder straps designed for extra comfort. Straps feature easy length adjustment buckles.
- Luggage sleeve secures to any Mokobara suitcase for a smooth ride.
- Splendidly sized: 42 x 26 x 15.5 cms.",25,18,7199,8999,FALSE,https://cdn.store.link/products/store18473/ondpgt-mokobara%20transit%20backpack%20-%2020l.png?versionId=9RbLo6q1nHHcWh2Ko2J4Gf1_i9VoiNEA,7,TRUE,2,,,
CSUN-0273,travelXOXO Aksa Laptop Backpack,Backpacks,Backpacks,"Brand: travelXOXO

- Crafted from durable 210D Nylon for strength and longevity
- Two main compartments, a front pocket, and a side pocket for organized storage
- Haul loop and padded back system for comfort and easy carrying
- Ideal for everyday use
- Size: 46 x 33 x 19 cm",50,18,1050,1750,FALSE,https://cdn.store.link/products/store18473/jlyli7-csun-0273.png?versionId=89Vw.EcDF4yqyQ6SqBpCMJw0LtQGMLrE,14,TRUE,3,,,New Joinee Program
CSUN-1220,travelXOXO Bounce Roll Top Backpack - Grey,Backpacks,Backpacks,"Brand: travelXOXO

- Minimalistic design with a wide-mouth zippered opening for easy access
- Roll-top for maximum flexibility and additional storage
- Internal foam-padded laptop compartment fits a 15"" laptop
- Stylish and functional choice for everyday use
- Size: Cm 28 W x 40 H x 13 D rolled, Cm 28 W x 58 H x 13 D unrolled",50,18,1620,2700,FALSE,https://cdn.store.link/products/store18473/i-7rwy-csun-1220%20%281%29.jpg?versionId=88MQ4a3fRDX8l3pbxIPo1Y.l6FxXYZcO,14,TRUE,4,,,
CSUN-3350,travelXOXO Canvas Stylish Backpack,Backpacks,Backpacks,"Brand: travelXOXO


- Crafted from durable canvas with premium vegan leather accents for a stylish and long-lasting finish.
- Spacious main compartment accommodates laptops up to 14 inches with ease.
- Features a vertical contrast stripe on the front for a modern and distinctive look.
- Includes a large front zippered pocket for quick access to everyday essentials.
- Side slip pockets provide convenient storage for water bottles or accessories.
- Padded shoulder straps and a breathable air-mesh back panel ensure enhanced carrying comfort.
- Well-balanced design helps distribute weight evenly for comfortable all-day use.
- Sturdy top grab handle allows for easy carrying.
- Made using eco-friendly, sustainable vegan leather, offering a more responsible choice.",25,18,2130,3550,FALSE,https://cdn.store.link/products/store18473/hp8bg--travelxoxo-stylish-backpack.jpg?versionId=Gy8S9wacUyyyd8umhhkcE.fseqTdGFfg,7,TRUE,5,,,
CSUN-3340,travelXOXO Izalco Casual Backpack,Backpacks,Backpacks,"Brand: travelXOXO


- Crafted from 100% lightweight diamond ripstop polyester for exceptional durability and tear resistance.
- Features a dedicated padded laptop compartment that fits laptops up to 13 inches.
- Spacious main compartment offers ample room for documents, accessories, and everyday essentials.
- Includes a front vertical zippered pocket with internal slip and zippered mesh pockets for organized storage.
- Equipped with Hyplon buckle attachments and front webbing loops for added utility and gear attachment.
- Side compression straps help stabilize the load and maintain a compact profile.
- Padded shoulder straps and a comfortable carry handle ensure ease of carrying throughout the day.
- Lightweight yet rugged construction makes it ideal for daily commuting, business travel, office use, and outdoor activities.
- Product dimensions: 32 × 48 × 22 cm.
- Available in Black.
- Suitable for corporate branding, promotional gifting, and custom logo personalization.",25,18,1680,2800,FALSE,https://cdn.store.link/products/store18473/kxuh0m-travelxoxo--izalco-casual-backpack.jpg?versionId=qElzH8ioucuilhhT7dzYu2D9oabmzl1v,7,TRUE,6,,,
CSUN-3348,travelxoxo Transit Backpack,Backpacks,Backpacks,"Brand: travelXOXO

- Spacious padded laptop compartment provides secure storage for your laptop and daily essentials.
- Features a 180° flat-opening design for easy packing, organization, and quick access.
- Front flap with secure strap lock offers added protection for stored belongings.
- Durable construction with premium zippers ensures long-lasting performance.
- Ergonomic shoulder straps with adjustable buckles provide a comfortable carrying experience.
- Silicone top grab handle allows for convenient hand carrying.
- Streamlined, minimalist design suitable for work, travel, and everyday commuting.
- Spacious interior accommodates documents, accessories, and other essentials with ease.
- Crafted for both professional and travel use, combining functionality with modern style.
- Dimensions: 42 (H) × 26 (W) × 15.5 (D) cm.",25,18,3360,5600,FALSE,https://cdn.store.link/products/store18473/finsfz-travelxoxo-transit-backpack.jpg?versionId=zlSYQ8LXoIWVXgp2VvtsCILOdoBbZIWy,7,TRUE,7,,,New Joinee Program
AQUA-001,Aquaminder Thames+,Drinkware,Drinkware,"Brand- Aquaminder

- Smart stainless steel vacuum flask designed for temperature retention and app-enabled hydration tracking
- Made using premium SS304 stainless steel for enhanced durability, hygiene and long-term performance
- 600 ml storage capacity suitable for office use, workouts, commuting and travel requirements
- Bluetooth-enabled smart technology connects with the Aquaminder mobile application for hydration tracking
- Supports customised hydration schedules and reminder notifications for healthier daily water intake
- Massive 15-day battery backup with USB-C charging ensures uninterrupted smart functionality
- Double-wall vacuum insulation maintains beverage temperatures for both hot and cold drinks
- Illuminated smart reminder feature helps users maintain regular hydration habits throughout the day
- Minimal and modern bottle design available in multiple colour variants for different style preferences
- Leak-resistant cap construction ensures safe portability and convenient everyday use
- Lightweight and durable structure suitable for professional, fitness and travel environments",25,18,3599,4499,TRUE,https://cdn.store.link/products/store18473/ndu25v-aquaminder-thames-%20.jpg?versionId=Gyyk6XDMkjPhvDdryQeEgdXsBIE8dcNt,14,TRUE,8,,,
BOTALL-015,BOT-ALL Beat Insulated Bottle With Bluetooth Speaker - Black,Drinkware,Drinkware,"Brand: BOT-ALL


- Capacity: 700 Milliliters
- Colour: Black
- Special Feature: Portable
- Age Range: Adult
- Features a next-gen design with a wireless detachable Bluetooth speaker and lid lock mechanism
- Double wall vacuum insulation for better temperature retention; keeps hot drinks warm up to 12 hours and cold drinks cool up to 18 hours
- In-built lid lock prevents accidental opening, making it suitable for both indoor and outdoor use
- Detachable Bluetooth speaker allows you to play music and take calls on the go; compatible with iOS, Android, and tablets",25,18,2639,3299,FALSE,https://cdn.store.link/products/store18473/vuldcz-csun-0752.jpg?versionId=7VqI1cC_cXPX8rtXkrCv9xOFc5bSDlYn,7,TRUE,9,,,
ADAL-048,Bamboo Steel Bottle,Drinkware,Drinkware,"Brand: Generic

- Made from durable, BPA-free, and toxin-free bamboo and stainless steel
- Leak-proof with a tight sealing cap for reliable use",25,18,930,1550,TRUE,https://cdn.store.link/products/store18473/the78x-csun-0154.png?versionId=821wpiCGzPC4vC8VjZh3fWqggX8FqQhy,7,TRUE,10,,,Sustainability
UG-DB65,Hydromonk Cork Ceramic Mug With Cork Base - Black,Drinkware,Drinkware,"Brand: Urban Gear

- Capacity: 400ml, ideal for all types of daily drinks
- Ceramic mug with cork bottom and lid
- Lid features a sliding top and rubber gasket for heat retention
- Keeps coffee/tea warm for longer periods
- Not suitable for dishwasher or microwave use (to preserve cork base)
- Dimensions: 12 x 8.5 x 11 cm",25,18,479,599,FALSE,https://cdn.store.link/products/store18473/idh5am-csun-0779.jpg?versionId=bEQaXquB2dFVag8jG5HsDt1Qj3Av_JQu,7,TRUE,11,,,Personal Milestone
UG 02,Hydromonk Eco Cork - Wheat Fibre Eco Friendly Mug - Beige,Drinkware,Drinkware,"Brand: Urban Gear

- Eco-friendly 450ml wheat fiber mug with a natural cork grip.  
- Designed for a sustainable and comfortable drinking experience.  
- Made from BPA-free, antibacterial, and food-grade materials.",25,18,275,550,TRUE,https://cdn.store.link/products/store18473/dc-dh9-csun-1547.jpg?versionId=.HgN8bukRz3PqV_zNHFKebH8XfcQwOMG,7,TRUE,12,,,Sustainability
CSUN-0226,Hydromonk Plain Ceramic Mug - White,Drinkware,Drinkware,"Brand: Generic


- 11 oz ceramic mug, microwave and top rack dishwasher safe
- Classic ceramic mug with a smooth finish and sturdy handle
- Perfect for hot beverages like coffee, tea, or cocoa
- Durable and easy to clean,",50,18,190,300,TRUE,https://cdn.store.link/products/store18473/169nsm-csun-0226.png?versionId=3VqTWFD16t0BytCyOHdIALbHnukZ5B05,30,TRUE,13,,,New Joinee Program
URBAN-296,Hydromonk Smart Vacuum Flask - White,Drinkware,Drinkware,"Brand: Urban Gear

- Double-wall insulated bottle that keeps beverages hot or cold for hours
- Features a smart temperature display on the lid for quick, easy reading
- Durable stainless steel construction with a sleek, modern design
- Leak-proof and portable, ideal for travel, office, or outdoor use",25,18,1000,1250,TRUE,https://cdn.store.link/products/store18473/iqi7er-csun-0146.png?versionId=vrBdsD1Km.eOkDRHdUK5I21quCEZAZ5S,7,TRUE,14,,,New Mom & Baby Kit
CSUN-0081,Hydromonk Ultra Pre Hot & Cold Bottle - Matt II - Black,Drinkware,Drinkware,"Brand: Hydromonk
- Made of  high-grade 304 stainless steel
- Rust-free and durable
- Capacity: 500ml, made in India
- Dimensions: 7 x 7 x 26 cm",100,18,900,1500,TRUE,https://cdn.store.link/products/store18473/d4b-9z-csun-0081.png?versionId=9PqWqLCWZIdNP_GdET4YVRh0JCtiwWZP,30,TRUE,15,,,New Joinee Program
CSUN-0082,Hydromonk Ultra Pre Hot & Cold Bottle - Matt II - White,Drinkware,Drinkware,"Brand: Hydromonk
- Made of  high-grade 304 stainless steel
- Rust-free and durable
- Capacity: 500ml, made in India
- Dimensions: 7 x 7 x 26 cm",100,18,900,1500,TRUE,https://cdn.store.link/products/store18473/zaotay-csun-0082.png?versionId=rH7DfUc6hSBXofvb_Hh9IU8zaEIpTOi8,30,TRUE,16,,,New Joinee Program
CSUN-0063,Stainless Steel Travel Mug - TOBY - Black,Drinkware,Drinkware,"Brand: Hydromonk

- SS double-wall travel mug with a 250ml capacity for on-the-go use
- Features a food-grade PP inner lining and is BPA-free for safe use
- Leak-proof design ensures mess-free travel
- Durable stainless steel exterior with a sleek finish
- Dimensions: 7 x 7 x 13.5 cm",500,18,495,825,TRUE,https://cdn.store.link/products/store18473/u6p5ic-csun-0063.png?versionId=iCmK5GkmD6yeqWCYhJD_eZwaPR5MQ6yC,30,TRUE,17,,,New Joinee Program
URBAN-156,Urban Gear Sigma Stainless Steel Sports Bottle - Blue,Drinkware,Drinkware,"Brand : Urban Gear

- Made of durable stainless steel with metallic color
- BPA-free, designed to keep you cool and hydrated
- Capacity: 750ml, weight: 167g, featuring a convenient flip cap
- Dimensions: 7.2 x 7.2 x 23 cm",25,18,400,499,TRUE,https://cdn.store.link/products/store18473/tkza-k-ug-sigma-b.jpg?versionId=FGdONaGDofgNZdXIln44.iLgrcM9FI10,7,TRUE,18,,,New Joinee Program
URBAN-322,Urban Gear iBamboo Bamboo Mug,Drinkware,Drinkware,"Brand: Urban Gear


- Sustainable and eco-friendly travel coffee cup
- Made from high-quality bamboo fibre and corn starch
- Spill-proof lid and heat-resistant sleeve for a secure grip
-100% BPA-free and non-toxic
- Hygienic and safe alternative to plastic or Styrofoam
- Dimension: 9.5 x 9.5 x 11.3 cm",25,18,159,199,TRUE,https://cdn.store.link/products/store18473/2ho5uy-ug--bamboo-mug-a.jpg?versionId=WifGE3RCn7Znkluqpc6WymyM1F2yfygs,7,TRUE,19,,,"New Joinee Program,Sustainability"
OW-GPOMNPKBLK,Okami Omnipack Dawn-to-Dusk Duffle Bag | 35 litres Gym&Travel Bag with Detachable Strap | Weekender Travel Bag with Built-in Laptop and Tablet Compartment | Cabin Bag with Trolley Sleeve (Black),Duffles,Duffles,"Brand: OKAMI


- Sleek and versatile duffle bag designed for work, travel, and short getaways.
- Ideal as an overnighter, weekender, or cabin bag with a stylish and compact form.
- Features ample storage with auto compression to efficiently pack essentials.
- Designed for professionals on the go, ensuring easy mobility and convenience.
- Equipped with a 180° opening and dual-compartment design for effortless packing and access.
- Separate compartment helps keep shoes and toiletries apart from clothes and essentials.
- Includes twin quick-access mesh pockets for storing daily necessities.
- Features a rear hidden pocket to securely store valuables like wallet, cash, cards, and passport.
- Comes with a key hook (dog hook) to keep keys secure and easily accessible.
- Includes a trolley pass-through strap for convenient travel with luggage.
- Made with premium water-resistant fabric and durable zippers for long-lasting use.",100,18,5599,6999,FALSE,https://cdn.store.link/products/store18473/rbt3qg-omnipack%20black.png?versionId=USLsYoSWDAlBfV7tTP2aqVS8m2yRpOec,7,TRUE,20,,,
CSUN-0265,travelXOXO Adventure Duffle Bag,Duffles,Duffles,"Brand: travel XOXO

- Water-resistant and lightweight design
- Stylish roll-down top with secure clip closure
- Can be carried in three ways: by the clip, as a duffle, or as a backpack
- Available in Red, Lime, Blue, and Black colors
- Packaging: Bulk",25,18,735,1225,FALSE,https://cdn.store.link/products/store18473/ukhykr-csun-0265.jpg?versionId=Q3tUvF7QrR6R9DZsl7tJuFsFOhh0VxV3,14,TRUE,21,,,New Joinee Program
CSUN-3668,travelXOXO Base Camp Voyager Duffle Bag - 35  L - Black/Blue,Duffles,Duffles,"Brand: travel XOXO


- Made from heavy-duty 900D fabric with recycled webbing, buckles, and mesh
- Can be carried as a backpack or duffel",50,18,3150,5250,FALSE,https://cdn.store.link/products/store18473/ioo7lt-whatsapp%20image%202026-08-06%20at%206.20.17%20pm%20%283%29.jpeg?versionId=RTiujOT13jZCvbuCMmjQFMYitGlaQbIq,14,TRUE,22,,,
Smoor Cookies,Smoor Cookies,Food & Ediblles,Food & Ediblles,"Brand: Smoor


- Crisp on the outside with a soft, gooey texture on the inside.
- Infused with rich, aromatic mocha flavor for a delightful coffee-inspired indulgence.
- Offers a delicious combination of contrasting textures and bold flavors.
- Perfect for coffee lovers looking for a decadent sweet treat.
- Ideal for gifting, celebrations, festive occasions, or personal indulgence.",25,18,136,170,FALSE,,14,TRUE,23,,,
Smoor Strawberrry Nougat Bar Pack of 15 Bar Gift Pack (15 x 24 g),Smoor Strawberrry Nougat Bar Pack of 15 Bar Gift Pack (15 x 24 g),Food & Ediblles,Food & Ediblles,"Brand: Smoor


- Pack of 15 strawberry nougat bars for convenient sharing and gifting.
- Made with compound chocolate for a smooth and indulgent chocolate experience.
- Features a delicious strawberry nougat filling for a fruity twist.
- Presented in a convenient bar format, making it easy to enjoy anytime.
- Offers a maximum shelf life of up to 12 months when stored as recommended.
- Suitable for gifting, celebrations, festive occasions, or everyday indulgence.",25,18,359,449,FALSE,,14,TRUE,24,,,
CSUN-3652,SOIL Camp Formal Shirt,Formal Shirts,Formal Shirts,"Brand: SOIL


- Crafted from a premium blend of 70% linen and 30% lyocell for exceptional comfort and breathability.
- Soft, lightweight fabric offers a smooth feel with a naturally relaxed drape.
- Modern fit delivers a clean, versatile silhouette for everyday wear.
- Breathable construction keeps you cool and comfortable across seasons.
- Linen-rich fabric provides a refined texture with a timeless casual appeal.
- Lyocell enhances softness, moisture management, and all-day comfort.
- Ideal for office wear, vacations, casual outings, and weekend styling.
- Durable construction ensures long-lasting performance and shape retention.
- Easy to pair with chinos, shorts, or jeans for a smart-casual look.
- Suitable for logo embroidery or custom branding for corporate and promotional apparel.",100,18,4350,7250,TRUE,https://cdn.store.link/products/store18473/c4hj3w-whatsapp%20image%202026-08-06%20at%206.20.17%20pm%20%2817%29.jpeg?versionId=3LUBp.K.UsH16Nyw9gmIW7LmdasfC6nO,14,TRUE,25,,,
OTOMM-013,Amazon Echo Dot (5th Gen),Gadget & Tech,Gadget & Tech,,25,18,4399,5499,FALSE,https://cdn.store.link/products/store18473/0u-xh3-amazon%20echo%20dot%205th%20gen.png?versionId=eqqHe3OcCixye0QRATO0TL3scjFV9Jp3,14,TRUE,26,,,
OTOMM-015,Apple Watch Ultra 3,Gadget & Tech,Gadget & Tech,"Brand: Apple


- 42mm/46mm aluminium or titanium case
- Always-On Retina OLED display, up to 2,000 nits
- Advanced health, sleep and fitness tracking
- ECG, heart rate, blood oxygen and temperature monitoring
- Emergency SOS, Fall and Crash Detection
- 50m water resistance with GPS and optional 5G
- S10 chip with Double Tap, Wrist Flick and Siri
- Up to 24 hours battery life with fast charging",25,18,71920,89900,FALSE,https://cdn.store.link/products/store18473/jukyjp-apple%20ultra%20watch%203.png?versionId=7DSp_7IPp6W9DbAayUq7pPKspB3PSvuJ,21,TRUE,27,,,
6111990716,Daily Objects Loop Qi2-Certified MagSafe-Compatible Aluminium Power Bank 5000 mAh - Black,Gadget & Tech,Gadget & Tech,"Brand: Daily Objects
- Qi2-certified and MagSafe-compatible 5000mAh power bank designed for fast and efficient wireless charging.
- Delivers up to 15W wireless output for iPhones and future Qi2-enabled phones.
- Supports simultaneous charging of iPhone and Apple Watch with secure magnetic alignment.
- Features a two-way USB-C port with up to 20W output, powered by PD 3.0 and Qualcomm 4 technology.
- Crafted from aerospace-grade aluminium in a sleek black finish with signature Loop design.
- LED display monitors battery percentage in real time.
- Compact dimensions: 11.8 x 6.65 x 1.15 cm; charging speed may vary by device.",25,18,5599,6999,FALSE,https://cdn.store.link/products/store18473/n8onne-loop%20universal%20power%20bank-%205000%20mah%20black.png?versionId=kRkjRL7tl9nXO_Sn.aaUBydssFwuedq.,14,TRUE,28,,,
JBL-051,"JBL
TOUR ONE
MK3 SMART TX",Gadget & Tech,Gadget & Tech,"Brand: JBL


- Smart Tx Transmitter: Handheld dongle with touchscreen; plugs into 3.5mm or USB-C sources and beams audio wirelessly to headphones; acts as Auracast™ hub for sharing audio with nearby JBL users.
- Mastered Sound: 40mm Mica Dome drivers delivering Hi-Res Audio with built-in DAC for lossless USB-C playback.
- Unrivaled Silence: True Adaptive Noise Cancelling 2.0 with 8-microphone system blocks wind, traffic, and office noise.
- Immersive Experience: JBL Spatial 360 with Head Tracking for cinematic sound in movies and gaming.
- Monster Battery: Up to 70 hours total (40 hours ANC on); 5-minute quick charge provides 5 hours of listening.
- Smart Customization: Personi-Fi 3.0 calibrates sound to your hearing profile; Smart Talk pauses music automatically when you speak.",25,18,31999,39999,FALSE,https://cdn.store.link/products/store18473/3sausa-tour%20one%20mk3%20smart%20tx.png?versionId=cqYavL1KqlmRzsvl7L5LyRGElWA6vkBz,14,TRUE,29,,,
CSUN-0139,Pop Socket Basic PopGrip - White,Gadget & Tech,Gadget & Tech,"Brand: Sync

- Designed to keep hands comfortable while texting, taking selfies, and photos
- Prevents phone drops with a secure grip
- Size: 4.06 x 0.76 x 4.06 cm; 200 grams",25,18,30,50,FALSE,https://cdn.store.link/products/store18473/vn178g-csun-0139.png?versionId=ZXtaWnRc79cgzjmrd.TCFjG8kInGtrZn,14,TRUE,30,,,New Joinee Program
CSUN-3478,Beanie Cap,Headwear,Headwear,"Brand: OMG


- Sustainably crafted from 100% recycled polyester acrylic knit
- Soft, warm, and durable construction for cold-weather comfort
- Classic 9"" cuffed design for a secure and snug fit
- Timeless warm white color for versatile styling
- Subtle debossed detailing adds a refined touch
- Lightweight yet insulating for everyday wear
- Ideal for casual outings, outdoor activities, and winter layering",25,18,495,825,FALSE,https://cdn.store.link/products/store18473/q3em09-beanie%20cap.png?versionId=xWde0x2Se75aumEpI2QV.MAQduIpopJP,7,TRUE,31,,,New Mom & Baby Kit
CSUN-0698,Beanie Cap,Headwear,Headwear,"Brand: OMG


- Sustainably crafted from 100% recycled polyester acrylic knit
- Soft, warm, and durable construction for cold-weather comfort
- Classic 9"" cuffed design for a secure and snug fit
- Timeless warm white color for versatile styling
- Subtle debossed detailing adds a refined touch
- Lightweight yet insulating for everyday wear
- Ideal for casual outings, outdoor activities, and winter layering",25,18,495,825,FALSE,https://cdn.store.link/products/store18473/4q6hf7-beanie%20cap1.png?versionId=cXwUsTcY3KTxOVDwZzNbS9SnWMtxVE4d,7,TRUE,32,,,New Mom & Baby Kit
CSUN-0631,OMG Twill Cap 5 Panel - Royal Blue,Headwear,Headwear,"Brand: OMG


- structured cap made from 100% cotton twill fabric
- Value-priced style with a high-profile design
- Available in a wide range of colors to match team uniforms or branding needs",25,18,195,325,FALSE,https://cdn.store.link/products/store18473/p189xj-csun-0631.jpg?versionId=pdGWj6q3Ant7w75qVhfpC6rerABbrayw,7,TRUE,33,,,
CSUN-3629,OMG Twill Cap 6 Panel,Headwear,Headwear,"Brand: OMG


- structured cap made from 100% cotton twill fabric
- Fabric: 100% cotton twill
- Closure: Hook and loop (Velcro)",25,18,195,325,FALSE,https://cdn.store.link/products/store18473/s1-b5l-omg%20supreme%20cap%20-%20red.png?versionId=aMuesz9E85_hBob1h3izqbCFOF9eI8pM,7,TRUE,34,,,
CSUN-3480,OMG Twill Cap 6 Panel - Black,Headwear,Headwear,"Brand: OMG


- structured cap made from 100% cotton twill fabric
- Fabric: 100% cotton twill
- Closure: Hook and loop (Velcro)",25,18,195,325,FALSE,https://cdn.store.link/products/store18473/olgukq-csun-3480.png?versionId=gWSKJrc.0HaptfI3ArCh2j3lmR9.1l6I,7,TRUE,35,,,
CSUN-3481,OMG Twill Cap 6 Panel - Navy Blue,Headwear,Headwear,"Brand: OMG


- structured cap made from 100% cotton twill fabric
- Fabric: 100% cotton twill
- Closure: Hook and loop (Velcro)",25,18,195,325,FALSE,https://cdn.store.link/products/store18473/6njbrr-csun-3481.png?versionId=ZrcQiqE7MKalu40LhrlSOcj.QEWI7rhf,7,TRUE,36,,,New Joinee Program
CSUN-1312,3 in 1 Scented Mini Jar Candles - Hridaya,Home Essentials,Home Essentials,"Brand: HRIDAYA – THE WAX STUDIO


- Dimensions: 40W x 50H mm
- Item Weight: 33 grams
- Number of Items: 1
- Shape: Round
- Material: Glass
- Scent: Soothing Lavender, Vanilla Bean, Rose Petals
- Special Features: Scented, eco-friendly, made from sustainable soy wax, thoughtfully designed packaging, meticulously handcrafted",50,18,220,275,FALSE,https://cdn.store.link/products/store18473/1h7dr3-csun-1312.jpg?versionId=hRTc7rJ1gs0hK.gyIii04EW8ac.8xNwp,14,TRUE,37,,,
NA,Himalayan Intimate Wipes,Home Essentials,Home Essentials,"Brand: Himalaya


- Specially formulated for gentle cleansing of the intimate area.
- Helps maintain freshness and personal hygiene throughout the day.
- Provides convenient cleansing when you are on the go.
- Designed for quick and easy use whenever needed.
- Suitable for everyday personal hygiene and travel.",25,18,40,50,FALSE,,21,TRUE,38,,,
CSUN-0350,MDF Wooden Jigsaw Puzzle,Home Essentials,Home Essentials,"Brand: SOIL


- Made of Premium 3mm MDF wood puzzle 
- Available in custom sizes and shapes
- Measures 6 x 6 inches, fits puzzles up to 20-24 pieces",25,18,1140,1900,FALSE,https://cdn.store.link/products/store18473/6eswu1-csun-0350.jpg?versionId=F2ekWgPgPe4lbxozdcCMcOzz.QMpyb20,14,TRUE,39,,,Sustainability
NA120/00,Philips 1000 series Airfryer 4.2L,Home Essentials,Home Essentials,"Brand: Philips


- Rapid air circulation technology delivers crispy, golden results with little to no added oil.
- Cooks food with up to 90% less fat while maintaining great taste and texture.
- Crispy on the outside and tender on the inside for consistently delicious meals.
- Multi-functional design supports 12 cooking modes, including air frying, baking, roasting, grilling, reheating, defrosting, and dehydrating.
- Adjustable time and temperature controls provide precise cooking for a variety of recipes.
- Fast and even heat distribution ensures efficient and consistent cooking performance.
- Non-stick cooking basket helps prevent food from sticking and makes cleanup effortless.
- Dishwasher-safe removable components offer quick and convenient maintenance.
- Ideal for preparing snacks, vegetables, meat, seafood, frozen foods, and baked treats.
- Energy-efficient cooking solution that reduces cooking time compared to conventional ovens.
- Modern, compact design fits seamlessly into home and office kitchen spaces.",25,18,4796,5995,FALSE,https://cdn.store.link/products/store18473/0pm7i8-na120_00.png?versionId=in9N2IqiKWgUBDOMXZ.4QfWvp1PMmBpH,7,TRUE,40,,,
Phool Handmade Ceramic Lotus Diyas,Phool Handmade Ceramic Lotus Diyas,Home Essentials,Home Essentials,"Brand : Phool


- Made by generational artisans through a meticulous crafting process.
-  Involves molding, shaping, polishing, and painting for a perfect finish.
-  Crafted from mud, transformed into elegant lotus-shaped diyas.
-  Symbolizes beauty, purity, and spiritual enlightenment.
-  Reflects Indian art and heritage.",50,18,150,185,FALSE,https://cdn.store.link/products/store18473/-9hzuv-phool-handmade-ceramic-lotus-diyas.jpg?versionId=mkj8ib7eqzXmd4migdyWD.8yKTxznyFQ,21,TRUE,41,,,
Phool Incense Cones,Phool Incense Cones,Home Essentials,Home Essentials,"Brand: Phool


- Made from sacred temple flowers and pure essential oils.
- Handcrafted by women flower cyclers.
-  Each incense cone burns for 30–35 minutes.
-  Provides a positive, rejuvenating experience.
-  Contains 40 cones, a ceramic holder, and a seed card.
-  Available in 18 unique fragrances.",50,18,115,145,FALSE,https://cdn.store.link/products/store18473/cr6c38-phool-natural-incense-cones.jpg?versionId=P9pCpMPKrUkqhUofx.E4W27kahdrmm_i,21,TRUE,42,,,
CSUN-3671,SOIL Eco Coaster,Home Essentials,Home Essentials,"Brand: SOIL


- Crafted from durable MDF wood for long-lasting performance and everyday use.
- Smooth top surface with high-quality vinyl print provides a vibrant and premium finish.
- Protects tabletops and countertops from heat, moisture, scratches, and beverage stains.
- Suitable for cups, mugs, glasses, bottles, and beverage cans of various sizes.
- Non-slip construction helps keep drinks stable while protecting surfaces.
- Lightweight and easy to clean, making it ideal for home, office, and hospitality use.
- Reusable and eco-friendly design offers a sustainable alternative to disposable coasters.
- Supplied as a convenient set of 4 for everyday use and entertaining guests.
- Perfect for offices, cafés, restaurants, conference rooms, and corporate gifting.
- Ideal for custom branding with full-color digital printing, making it an excellent choice for promotional giveaways and branded merchandise.",100,18,420,700,FALSE,https://cdn.store.link/products/store18473/bz43u0-whatsapp%20image%202026-08-07%20at%203.30.02%20pm.jpeg?versionId=rCYTehvo.DpN0_DHI8EXB5b5A7GZaB1E,21,TRUE,43,,,
CSUN-0353,SOIL Photo Frame Click Tilt,Home Essentials,Home Essentials,"Brand: SOIL


- Elegant wooden finish with a minimalist and modern design
- Magnetic closure holds the photo securely—no screws or nails needed
- Perfect for showcasing your favorite memories in a stylish way
- Size: 18.5 cm (W) x 12.5 cm (H) x 2 cm (D)",25,18,285,475,FALSE,https://cdn.store.link/products/store18473/c9ce0z-csun-0353.jpg?versionId=TaLu9JLeh614RzdWuRNdVcqEJ7YHlYUU,14,TRUE,44,,,Employee Recognition & Rewards
CSUN-0307,Supersoft Fleece Blanket - White,Home Essentials,Home Essentials,"Brand: travelXOXO

- Soft, lightweight warmth that feels cozy all year round
- Versatile for home and travel
- Dimensions: 50"" x 60""",500,18,2250,3750,FALSE,https://cdn.store.link/products/store18473/cfmm72-csun-0307.png?versionId=puQleHMLW8cTudJQNTng1zZB7fej.FPB,30,TRUE,45,,,New Mom & Baby Kit
COLU-001,Columbia Men Black Fast Trek Overlay Fleece Jacket,Jackets & Hoodies,Jackets & Hoodies,"Brand: Columbia


- Soft and lightweight fleece construction provides exceptional warmth and all-day comfort.
- Full-zip front closure allows for easy layering and adjustable ventilation.
- Attached hood offers added protection against cool weather and light winds.
- Stretch binding on the hood, collar, cuffs, and hem helps seal out the elements for enhanced comfort.
- Zippered chest pocket securely stores valuables such as keys, cards, or a phone.
- Spacious hand pockets provide convenient storage for small essentials while keeping hands warm.
- Regular fit ensures unrestricted movement, making it ideal for everyday wear and outdoor activities.
- Durable construction is designed to withstand regular use while maintaining its shape and performance.
- Center back length of 28 inches (71.1 cm) provides comfortable coverage.
- Perfect for casual outings, travel, commuting, hiking, and everyday outdoor adventures",25,18,3599,4499,TRUE,https://cdn.store.link/products/store18473/jl8mci-colu-001.png?versionId=gnF3YAbRCcA5klakbwfwSWTL60zRTXc_,14,TRUE,46,,,
CSUN-3390,ET-TU Primelayer zip up jacket Men’s,Jackets & Hoodies,Jackets & Hoodies,"Brand: ET-TU

- Made from 81% recycled polyester sweater fleece, 14% polyester, and 5% spandex for comfort and durability.
- Soft brushed-back fleece interior provides warmth and a cozy feel.
- Stretch fabric offers enhanced flexibility and ease of movement.
- Full-zip front with a stand collar for added coverage and versatile styling.
- Two zippered hand pockets keep essentials secure and easily accessible.
- Zippered sleeve pocket provides convenient storage for small accessories.
- Woven fabric details add a refined, modern look.
- Open hem and cuffs ensure a comfortable, relaxed fit.
- Lightweight yet insulating design makes it ideal for everyday wear and layering.
- Suitable for work, travel, outdoor activities, and casual use.",100,18,3285,5475,TRUE,https://cdn.store.link/products/store18473/avu-h1-et-tu-men%E2%80%99s-sweater-fleece-full-zip.jpg?versionId=V.kbQPZsX16LWsv3fEAe.dGabVOB1Q3n,21,TRUE,47,,,
CSUN-3440,ET-TU Unisex Recycled No Zip Hooodie - Black,Jackets & Hoodies,Jackets & Hoodies,"Brand: ET-TU

- Made from 65% recycled cotton and 35% recycled polyester
- Designed for casual comfort and everyday versatility
- Ideal for layering or wearing on its own in any season",100,18,2280,3800,TRUE,https://cdn.store.link/products/store18473/vh-6-p-et-tu-unisex-recycled-no-zip-hooodie---black.jpg?versionId=.he4m6oW0_PwQSt4xEL8qxRKBxB5h45l,21,TRUE,48,,,Sustainability
CSUN-1538,ET-TU Unisex Recycled No Zip Hooodie - Black,Jackets & Hoodies,Jackets & Hoodies,"Brand: ET-TU

- Made from 65% recycled cotton and 35% recycled polyester
- Designed for casual comfort and everyday versatility
- Ideal for layering or wearing on its own in any season",100,18,2280,3800,TRUE,https://cdn.store.link/products/store18473/48purr-csun-1538_s.png?versionId=Y4TPY4jcPsHXUrMndZpasx50259HBTVf,21,TRUE,49,,,
JAJO-089,Jack & Jones Kornad Puffer Jacket - Black,Jackets & Hoodies,Jackets & Hoodies,"Brand : jack & Jones

- Utilizing top-tier soft padding for optimal comfort and quality
- Crafted with 100% Premium Polyester
- Comes with Diamond Cut effect & an Extra-Layer
- Composition: 100% Polyester
- Fabric: Premium Polyester
 -Diamond Cut Effect for Elegant Look
- Strong grip pullers
- Soft Padding
 -PFC Free",25,18,3600,4499,TRUE,https://cdn.store.link/products/store18473/nzuy8y-jack?versionId=YkMLl4yUjPlGtLR6_a3LOmiRTuZKsRbw,21,TRUE,50,,,
MONT-039,Monet Carlo Bonded Fleece Jacket,Jackets & Hoodies,Jackets & Hoodies,"Brand: Monte Carlo

- This clothing item is crafted from premium cotton‑blend fleece, combining street style with comfort for a cool, confident, and contemporary look.  
- The design emphasizes adventurous and refreshing aesthetics, making it suitable for modern fashion choices.  
- With a GSM of 320, the fabric offers a substantial weight that ensures durability while maintaining softness.  
- Available in black, it comes in an inclusive size range from XS to 5XL, catering to diverse fits.  
- Its thoughtful blend of resilience, style, and comfort makes it a versatile option for those seeking both fashion and practicality in everyday wear.",25,18,3199,3999,TRUE,https://cdn.store.link/products/store18473/wxxfyv-bonded%20fleece%201.png?versionId=OefqGK6n6AIAMZBpO19KLXhbvB9E9IWG,14,TRUE,51,,,
CSUN-0356,OMG Unisex Full Zipper Hoodie - Black,Jackets & Hoodies,Jackets & Hoodies,"Brand: OMG


- Made from 100% cotton, compacted, washed, and preshrunk
- Brushed interior for added warmth and comfort
- Features a full-zip closure and classic kangaroo pocket
- Ribbed cuffs and hem for a snug fit
- Rich, soft, and comfortable fabric ideal for everyday wear",100,18,1650,2750,TRUE,https://cdn.store.link/products/store18473/b6vd3w-csun-0356.jpg?versionId=eOCCiX1hFL_FrkxOPWoZrD_qN3GkwXsx,14,TRUE,52,,,Personal Milestone
CSUN-0357,OMG Unisex Full Zipper Hoodie - Black White Grey,Jackets & Hoodies,Jackets & Hoodies,"Brand: OMG

- Crafted from 100% cotton for ultimate softness and comfort.  
- Compacted, washed, and preshrunk fabric ensures a lasting fit.  
- Features a contrasting hood color for added style.  
- Full zip closure and spacious kangaroo pocket for practicality.  
- Ribbed cuffs and hem add a snug, polished touch.  
- Stylish, relaxed design ideal for everyday wear.",100,18,1650,2750,TRUE,https://cdn.store.link/products/store18473/e2zfyk-csun-0357_xs.png?versionId=d3k81qZTkHuX4fO43FhJouVN5_0hRDmG,14,TRUE,53,,,
RARE-071,Rare Rabbit Unisex Bonded Fleece Jacket,Jackets & Hoodies,Jackets & Hoodies,"Brand: Rare Rabbit


- Product: Bonded Fleece Jacket
- Colour: Black
- Type: Unisex
- Material: Bonded Blend Poly
- Sizes: XS, S, M, L, XL, XXL, 3XL, 4XL",25,18,3200,3999,TRUE,https://cdn.store.link/products/store18473/qngpjs-rare-rabbit-bonded-fleece-jacket-bleck.jpg?versionId=JxeMQkNQQpOXB2Pq0QZQkvojxls2F3zJ,21,TRUE,54,,,
CSUN-1429,Stormtech Men's Full Sleeve Jacket- Black,Jackets & Hoodies,Jackets & Hoodies,"Brand: Stormtech

- Shell made from 100% polyester pongee, 2.65 oz/yd² (USA) / 90gsm (CDN)
- Lining made from 100% polyester with a water-repellent finish
- High-performance windproof outer shell for protection
- Quilted body with ultra-soft lining for warmth
- Internal full-length stormflap for added coverage
- Elasticized cuffs and adjustable hem for a secure fit
- Zippered pockets for convenient storage
- Chin saver for added comfort and protection",500,18,5278,10556,TRUE,https://cdn.store.link/products/store18473/oijq7p-csun-1429_xs.png?versionId=hI4wayk5VVstYcq7E75EypQwq20uYhrM,60,TRUE,56,,,
CSUN-0901,SOIL Kraft Paper 2 fold Card,Kit Busters,Kit Busters,"Brand: SOIL


- Made from 300 GSM eco-sustainable Kraft paper
- High-quality screen printing for a professional finish
- Ideal for promotional marketing, customer retention, and client engagement
- Perfect for congratulating new clients or keeping in touch with long-term customers
- Fully customizable to suit your brand or business message
- Available in any custom size as per requirement
- Standard Size: Folded – 4"" x 6"", Open – 8"" x 6"" inches",25,18,75,125,FALSE,https://cdn.store.link/products/store18473/d1zch3-csun-0901.jpg?versionId=2n35ujwa5nyEJSbkpUgvXXOpfbhRhwYY,7,TRUE,57,,,Employee Recognition & Rewards
CSUN-1281,SOIL Notecard - Custom,Kit Busters,Kit Busters,"Brand: SOIL


- Fun and playful custom notecard featuring a cute cartoon cat illustration
- Cat design holding a coffee cup with the quote “Good days start with coffee and cat”
- Light aqua blue border with a large white space in the center for personalized messages
- Compact size, ideal for notes, gift tags, or small greetings
- Printed on premium paper for a smooth writing experience
- Whimsical and charming aesthetic perfect for cat lovers or casual stationery
- Can be used for personal notes, thank-you cards, or journaling
- Stackable set, neatly packaged for gifting or desk use
- Minimalist yet vibrant design that adds a touch of personality to your correspondence",25,18,75,125,FALSE,https://cdn.store.link/products/store18473/9jj4ht-csun-1281.jpg?versionId=NXcCTSeEHW5Ofo.g.ie3otbGQZf_0sa8,7,TRUE,58,,,"Employee Recognition & Rewards,New Joinee Program"
CSUN-0315,SOIL Vinyl Sticker,Kit Busters,Kit Busters,"Brand: SOIL


- Made from durable non-tearable vinyl material
- Full-color digital printing ensures vibrant, eye-catching visuals
- Die-cut shape adds a professional and custom look
- Perfect for logos, advertisements, and promotional artwork
- Weatherproof design makes them suitable for both indoor and outdoor use
- Long-lasting stickers that maintain quality over time
- Ideal for events, giveaways, product packaging, and brand promotion",25,18,60,100,FALSE,https://cdn.store.link/products/store18473/3ser57-csun-0315.jpg?versionId=4N3gSbGrTpN_D7IE_6okx1gJ0A1UPGDx,7,TRUE,59,,,New Joinee Program
CSUN-0123,SOIL ECO Cover Journal,Notebooks,Notebooks,"Brand: SOIL

- Kraft hardcover journal ideal for everyday note-taking
- Durable Kraft cover with a natural, minimalist look and feel
- Contains 240 pages of graph paper
- Includes a ribbon page marker for easy navigation
- Comes with an elastic band for secure closure
- Features an inside back pocket for storing loose notes or cards
- Available in ruled, unruled, and grid paper options
- Paper complies with sustainable paper policy standards
- Size: 5.5"" x 8.5""
- Compatible with pens and markers for a smooth writing experience",25,18,600,1000,FALSE,https://cdn.store.link/products/store18473/wv-8d2-csun-0123.jpg?versionId=Z40MHGPgUP6fjVYRXZlhip1Pkz.J6IYo,14,TRUE,60,,,Sustainability
CSUN-1556,SOIL Eco Cashier Notebook - Kraft,Notebooks,Notebooks,"Brand: SOIL

- Rounded A5 notebook with a classic 2mm cardboard cover for daily use
- Durable hardcover construction ensures long-lasting performance
- Secure inner-page lock-line prevents peeling and improves reading comfort
- Designed to lay flat at 180° for smooth, easy writing
- Prevents page detachment for a better writing experience
- Contains 98 Pages",25,18,345,575,FALSE,https://cdn.store.link/products/store18473/txk3ga-csun-1556.jpg?versionId=O.vCuRCg0w.rGsKUAsSOz4Xv57F.LGIJ,14,TRUE,61,,,"New Joinee Program,Sustainability"
CSUN-0702,SOIL Eco Hard Cover Spiral Notebook - I - Black,Notebooks,Notebooks,"Brand: SOIL

- Pages can be torn out effortlessly due to the spiral binding
- Hardcover spiral notebooks ideal for business, conferences, travel, journaling, and note-taking
- Inner pages made of 120g thick, high-quality paper
- Notebook size: 8.5"" × 5.5""
- Made in India",25,18,375,625,FALSE,https://cdn.store.link/products/store18473/giixg2-csun-0702.jpg?versionId=DTFbPRB1k14Tp.RYJCYDWK2ejk1A9nH2,14,TRUE,62,,,New Joinee Program
CSUN-1311,SOIL Eco Single Meeting Notebook - Blue,Notebooks,Notebooks,"Band: SOIL


- Product: Eco-Friendly Lined Stitched Notebook
- Size: A5 (8.5"" x 5.5"")
- Pages: 48
- Binding: Red stitched seam binding
- Material: Made from 100% recycled paper
- Ideal for writing, drawing, and painting
- Sustainable and environmentally friendly
- Lightweight and compact – perfect for everyday use
- Made in India
- A conscious choice for eco-aware individuals and creatives",25,18,165,275,FALSE,https://cdn.store.link/products/store18473/8iy9fq-csun-1311.jpg?versionId=FDvaqofSUR8C0clS5wNgZJMEM1Ge4YhE,14,TRUE,63,,,New Joinee Program
CSUN-0277,SOIL Softcover Journal - Black,Notebooks,Notebooks,"- Brand: SOIL

- This notebook features ribbon page markers for easy navigation and efficient organization.
-  An elastic band keeps the journal securely closed during travel, protecting your notes.
-  Its practical design combines functionality and portability, making it an ideal companion for note-taking, or on-the-go use.",25,18,600,1000,FALSE,https://cdn.store.link/products/store21857/ltaq8k-csun-0277.png?versionId=7hC5kdqo4aXcawe6njtgWb6EzfZotNm9,14,TRUE,64,,,New Joinee Program
CSUN-3414,Soil Soft Cover Journal,Notebooks,Notebooks,"Brand: SOIL


- Soft cover journal designed for comfortable everyday note-taking, planning, and journaling.
- Flexible cover construction offers a lightweight and portable writing solution.
- Contains 178 pages of graph paper for organized writing, sketching, and note-taking.
- Also available with ruled and unruled paper options to suit different writing preferences.
- High-quality paper provides a smooth writing experience with various pens and markers.
- Compact size makes it convenient to carry in backpacks, briefcases, and work bags.
- Ideal for meetings, study sessions, office use, journaling, and personal organization.
- Durable binding helps keep pages secure during regular use.
- Designed for professionals, students, and everyday users seeking a practical writing companion.
- Size: 5.25"" x 8.25"" inches.",25,18,262,525,FALSE,https://cdn.store.link/products/store18473/yp3alx-csun-3414.png?versionId=wqTAjy4.cGM5VSSYTIlJb5GHfhBCd9f3,7,TRUE,65,,,New Joinee Program
URBAN-210,Urban Gear Capri R-Pet Premium Notebook - Grey,Notebooks,Notebooks,"Brand : Urban Gear


- CAPRI RPET
-  UG-ON74
-  Premium Notebook
* 14.5 x 21 
-  RPET Fabric
-  Hard Bound
-  A5 Size
-  Magnetic Closure
-  96 Sheets
-  192 Pages
-  80gsm
-  Box Optional
-  Available in Grey and Black
-  Includes Malaga Premium Eco Metal Pen
-  Inside pages:
-  12 Planner Pages
-  175 Ruled Pages
  -  5 Grid Pages
  - 10 Plain Pages",25,18,319,399,FALSE,https://cdn.store.link/products/store18473/cu6l0r-ug-capri-rpet-a.jpg?versionId=fUBSGwIWBkmPO.IIkzw09MeICnKZA6Ub,21,TRUE,66,,,Personal Milestone
CSUN-3512,Certificate frame,Office Essentials,Office Essentials,"Brand: Generic


- Classic horizontal certificate frame with rich dark brown wood tones and natural grain details for a timeless, elegant look.
- Features a deep bevel-moulded border that adds depth and enhances the professional presentation of displayed documents.
- Includes a clean white mat that beautifully frames certificates, diplomas, awards, or photographs for added visual appeal.
- Crafted from sturdy wood with a polished satin finish for durability and a refined appearance.
- Designed to securely display standard-sized certificates while complementing office, home, or institutional décor.
- Ideal for showcasing diplomas, achievement certificates, corporate awards, professional licenses, and cherished photographs.
- A sophisticated display piece that preserves and highlights important accomplishments and memorable moments.",25,18,1500,2500,FALSE,https://cdn.store.link/products/store18473/ea2otf-csun-3512.png?versionId=NGEU.cln4tfB3lRF1z0MBbuIKIBC86cn,7,TRUE,67,,,Employee Recognition & Rewards
CSUN-1282,Certificates,Office Essentials,Office Essentials,"Brand : Generic


- Professionally designed certificate notecard for your brand
- Ideal for achievements, awards, or acknowledgments
- Includes space for recipient’s name, accomplishment description, and signatures
- Embellished with a golden badge and blue ribbon graphic for a formal touch
- Clean layout with modern fonts for readability
- Can be personalized with custom names, text, or roles",25,18,105,175,FALSE,https://cdn.store.link/products/store18473/f2m457-csun-1282.jpg?versionId=uieYXHEbP19YqasAGBg0mXx0Y_UJ3mer,7,TRUE,68,,,Employee Recognition & Rewards
CSUN-3527,Custom Full Color Lanyard,Office Essentials,Office Essentials,"Brand: Generic

- Full-colour logos repeated along both sides of the lanyard for enhanced branding
- Comes with a durable metal dog hook for secure attachment of ID cards, badges, or keys
- Ideal for use in organizations, schools, conferences, malls, hospitals, and shops
- Made for daily wear, offering comfort, visibility, and durability
- Lanyard Size: 495.3mm (Length) x 20mm (Width)
- A reliable choice for professional, educational, and retail settings",25,18,75,125,FALSE,https://cdn.store.link/products/store18473/vxrv3h-csun-3527.png?versionId=8Dbjt3beHQum23GE_hlvyYoVDsVcJ6k0,7,TRUE,69,,,New Joinee Program
CSUN-0306,Custom Full Color Lanyard - Black,Office Essentials,Office Essentials,"- Logos are repeated along the full length on both sides for maximum visibility
- Equipped with a black plastic safety-break for secure and safe wear
- Durable and comfortable for everyday use
- Lanyard size: 495.3 mm (Length) x 20 mm (Width)
- Perfect for ID cards, badges, or key attachments",25,18,66,110,FALSE,https://cdn.store.link/products/store18473/0ukk6g-csun-0306.jpg?versionId=8IAslgnM6bhlZ6luZPRRtO7At2dZylCx,7,TRUE,70,,,New Joinee Program
CSUN-3417,Custom Full Color Lanyard - Black,Office Essentials,Office Essentials,"- Logos are repeated along the full length on both sides for maximum visibility
- Equipped with a black plastic safety-break for secure and safe wear
- Durable and comfortable for everyday use
- Lanyard size: 495.3 mm (Length) x 20 mm (Width)
- Perfect for ID cards, badges, or key attachments",25,18,66,110,FALSE,https://cdn.store.link/products/store18473/p55pgh-csun-3417.png?versionId=nTHI1iNOqNNEA.TTWWmoeCLn3LoW59_C,7,TRUE,71,,,New Joinee Program
CSUN-3584,Custom Full Color Lanyard - Black,Office Essentials,Office Essentials,"- Logos are repeated along the full length on both sides for maximum visibility
- Equipped with a black plastic safety-break for secure and safe wear
- Durable and comfortable for everyday use
- Lanyard size: 495.3 mm (Length) x 20 mm (Width)
- Perfect for ID cards, badges, or key attachments",25,18,66,110,FALSE,https://cdn.store.link/products/store18473/7lgfr3-csun-3584.png?versionId=wTdSjDUq99DSwz1Po3GtwWZg09uLIhPs,7,TRUE,72,,,New Joinee Program
CSUN-0314,Flag With Wooden Base,Office Essentials,Office Essentials,"- Elegant table flag with a sturdy wooden base for stable placement
- Ideal for desks, reception counters, and official events
- Flag made from premium fabric with smooth finish and crisp color
- Wooden base and pole offer a classic and professional appearance
- Compact and lightweight, easy to move and display
- A great addition to office decor or conference tables",25,18,900,1500,FALSE,https://cdn.store.link/products/store18473/wf62qd-csun-0314.jpg?versionId=i.jaYDK3_yuV78dSGM4JXm6xIidtm68X,14,TRUE,73,,,
CSUN-0905,SOIL Canvas Pencil Case,Office Essentials,Office Essentials,"Brand: SOIL

- Easily arranges pens, pencils, and other office supplies
- Space-saving design fits into pull-out drawers and desk trays
- Ideal for storing desktop stationery like markers, rulers, erasers, clips, scissors, and letter openers
- Also suitable for organizing makeup brushes, nail polishes, lipsticks, and small personal items
- Keeps your workspace or vanity neat and clutter-free",25,18,195,325,FALSE,https://cdn.store.link/products/store18473/ek4maj-csun-0905.jpg?versionId=pFa3.oMVxFK7Ga6A6JuwAYi8F7NZ4rzR,14,TRUE,74,,,
CSUN-0345,SOIL Wooden Desk Caddy,Office Essentials,Office Essentials,"Brand: SOIL

- Wooden desk organizer with designated sections for essentials.  
- Includes a drinkware holder and a phone or tablet stand.  
- Features a compartment for post-its or mini notepads.  
- Mid-section provides space for additional items.  
- Perfect for decluttering and keeping your desk tidy.",25,18,1650,2750,FALSE,https://cdn.store.link/products/store18473/y1tci9-csun-0345.png?versionId=NTH9D.9ZT50_F7bqrApiBeQHW89coW2J,14,TRUE,75,,,
CSUN-0344,SOIL Wooden Phone Stand,Office Essentials,Office Essentials,"Brand: SOIL

- Versatile wooden stand for vertical and horizontal device placement.  
- Optimized for smartphone viewing.  
- Sleek and modern design enhances any workspace.  
- Keeps devices steady and easily accessible.  
- A stylish and functional desk accessory.",25,18,345,575,FALSE,https://cdn.store.link/products/store18473/3jwjrt-csun-0344.png?versionId=TkrXDWUiPtxD8W.lOWz.qJZ4n_fYwAXs,14,TRUE,76,,,"New Joinee Program,Sustainability"
CSUN-1610,SOIL Wooden Wire Manager,Office Essentials,Office Essentials,"Brand: SOIL

- Practical wooden wire manager for cable organization.  
- Easily attachable to any flat surface for convenience.  
- Prevents tangling and clutter, keeping wires neatly in place.  
- Sleek wooden design adds elegance to your workspace.  
- Provides a tidy and efficient cable management solution.",25,18,345,575,FALSE,https://cdn.store.link/products/store18473/abera4-csun-0149.png?versionId=gN3z1URsvCHFMzv.z6E80_zrSN8fdEN8,14,TRUE,77,,,
CSUN-3568,Silicone Mouse Pad - Rectangular,Office Essentials,Office Essentials,"Brand: Generic


- Customised rubber mouse pads designed for user comfort during browsing
- Provides enhanced grip and friction for smooth, unrestricted mouse movement
- Can be tailored to specific design preferences and branding needs
- Durable and functional, suitable for daily computer activities
- Product Dimensions (L x W): 23.5 x 19 cm",25,18,165,275,FALSE,https://cdn.store.link/products/store18473/p6pso8-csun-3568.png?versionId=mVasVUB7FdYBFg6sLD8ZA6IvzGaYnCRR,14,TRUE,78,,,New Joinee Program
CSUN-0875,Silicone Mousepad - Round,Office Essentials,Office Essentials,"Brand: Generic


- Custom-Designed Mouse Pad – Uniquely printed with vibrant, high-quality artwork to add personality to your desk
- Smooth Surface for Precision – Allows quick mouse movement and accurate cursor positioning
- Multipurpose Use – Ideal for laptops, desktops, and PCs at home or the office
- Durable Construction – 3mm thick with stitched edges to prevent fraying
- Size: 7.9"" x 7.9"" x 0.12"" (200mm x 200mm x 3mm)",25,18,195,325,FALSE,https://cdn.store.link/products/store18473/483687-csun-0875.jpg?versionId=vqM5ejzYliJAa5WlMe4dZzeBZRqa2pmm,14,TRUE,79,,,
SATR-003,Wooden Plaques,Office Essentials,Office Essentials,"Brand: Generic


- Premium wooden plaque designed to commemorate achievements, milestones, and special recognitions with elegance and prestige.
- Crafted with a durable wooden frame and a refined finish for a classic and sophisticated appearance.
- Features a high-quality printed metal plate with detailed artwork and text presentation.
- Ideal for awards, appreciation ceremonies, corporate recognitions, military commemorations, and souvenir presentations.
- Decorative gold-toned inner design enhances the premium and ceremonial appeal of the plaque.
- Compact 6” x 8” size makes it suitable for desk display, wall mounting, or showcase presentation.
- Strong and sturdy construction ensures long-lasting durability and display quality.
- Perfect for gifting, institutional honors, and commemorative events.
- Elegant design adds a professional and prestigious touch to any office, home, or display space.",25,18,600,1200,FALSE,https://cdn.store.link/products/store18473/64aaa8-satr-003.png?versionId=Hvylr.xCpsXCGfz3mp8iw0i__9wfaQi2,14,TRUE,80,,,Employee Recognition & Rewards
ZKMPL-001,Agent Socks,Outerwear,Outerwear,"Brand: Generic


- Crew socks featuring an all-over pattern of tech and AI-themed icons in light blue
- Design includes chat bubbles, smiley faces, robots, gears, clouds, lightning bolts, and other digital motifs
- Contrasting sky-blue detailing on the toe, heel, and cuff for a bold accent
- All-over icon placement ensures the design is visible from the front, sides, and back
- Made from a soft, comfortable knit blend suitable for everyday wear
- Ribbed cuff provides a secure and comfortable fit
- Unisex, one-size-fits-most design
- Fun, tech-inspired style ideal for developers, tech enthusiasts, and branded merchandise
- Suitable for casual wear, gifting, or inclusion in themed product bundles
- Pairs well with other Agent-branded merchandise for a coordinated look",100,18,435,725,FALSE,https://cdn.store.link/products/store18473/a7b64h-zkmpl-001.png?versionId=IFjISluJbggcvvOgURNLjRDXGeOKnibI,30,TRUE,81,,,New Mom & Baby Kit
Bib  Gucci,Bib  Gucci,Outerwear,Outerwear,"Brand: Generic


- Classic contoured design provides coverage across the chest area to help protect clothing from drool and food spills.
- Features an adjustable neck closure for easy wearing and removal.
- Made from soft, absorbent, and gentle fabric suitable for delicate infant skin.
- Smooth front surface provides a suitable area for custom logo printing, embroidery, or personalized graphics.
- Ideal for infant mealtimes, daily baby care, and on-the-go use.
- Suitable for baby showers, employee gifting, corporate giveaways, and branded infant merchandise.",50,18,315,525,FALSE,,21,TRUE,82,,,New Mom & Baby Kit
Infant Bodysuit - Set of 1,Infant Bodysuit - Set of 1,Outerwear,Outerwear,"Brand: OMG


- Infant bodysuit crafted from 4.5 oz., 100% combed ringspun cotton fine jersey
- Soft, breathable fabric designed for delicate skin
- Reinforced three-snap bottom closure for easy diaper changes
- Double-needle stitched ribbed binding for enhanced durability
- Flatlock-stitched seams provide added comfort and reduce irritation
- White bodysuit sewn with 100% cotton thread
- Designed for long-lasting wear and everyday comfort
- Ideal for daily use, layering, or gifting",50,18,660,1100,FALSE,https://cdn.store.link/products/store18473/n4on3x-infant%20bodysuit1%20-%20set%20of%201.png?versionId=RtP9VE5MjpzW06HUaB.8_G7c59NQEgMc,21,TRUE,83,,,New Mom & Baby Kit
CSUN-1485,Crinkle Paper - Brown,Packaging & Others,Packaging & Others,"- Lightweight, shredded packaging material with a distinctive zigzag texture
- Ideal for cushioning, protecting, and presenting items in various packaging
- Commonly used in gift boxes, hampers, and retail product displays
- Adds a decorative and professional touch to packaging presentations
- Helps prevent damage by securely holding items in place during transit
- Made from recyclable materials, supporting eco-friendly practices
- Enhances the unboxing experience with minimal cleanup and attractive appeal
- Suitable for both personal and commercial use across various industries",50,18,45,75,FALSE,https://cdn.store.link/products/store18473/8oq8cw-csun-1485.jpg?versionId=.UfENqpu3Ynq50FjUMVZqAsTP8RY7rGD,30,TRUE,84,,,Sustainability
CSUN-1490,Crinkle Paper - Full White,Packaging & Others,Packaging & Others,"- Lightweight, shredded packaging material with a distinctive zigzag texture
- Ideal for cushioning, protecting, and presenting items in various packaging
- Commonly used in gift boxes, hampers, and retail product displays
- Adds a decorative and professional touch to packaging presentations
- Helps prevent damage by securely holding items in place during transit
- Made from recyclable materials, supporting eco-friendly practices
- Enhances the unboxing experience with minimal cleanup and attractive appeal
- Suitable for both personal and commercial use across various industries",50,18,30,50,FALSE,https://cdn.store.link/products/store18473/chhpv3-csun-1490.jpg?versionId=0XN8chG9z0uG66nZZ6zWJf4_Zszp83MJ,30,TRUE,85,,,
CSUN-1488,Crinkle Paper - Green,Packaging & Others,Packaging & Others,"- Lightweight, shredded packaging material with a distinctive zigzag texture
- Ideal for cushioning, protecting, and presenting items in various packaging
- Commonly used in gift boxes, hampers, and retail product displays
- Adds a decorative and professional touch to packaging presentations
- Helps prevent damage by securely holding items in place during transit
- Made from recyclable materials, supporting eco-friendly practices
- Enhances the unboxing experience with minimal cleanup and attractive appeal
- Suitable for both personal and commercial use across various industries",50,18,45,75,FALSE,https://cdn.store.link/products/store18473/s-ce9t-csun-1488.jpg?versionId=wHPMIGRss69CCtnhULdqPZOOCF_jzRmZ,30,TRUE,86,,,
CSUN-1484,Crinkle Paper - Light Blue,Packaging & Others,Packaging & Others,"- Lightweight, shredded packaging material with a distinctive zigzag texture
- Ideal for cushioning, protecting, and presenting items in various packaging
- Commonly used in gift boxes, hampers, and retail product displays
- Adds a decorative and professional touch to packaging presentations
- Helps prevent damage by securely holding items in place during transit
- Made from recyclable materials, supporting eco-friendly practices
- Enhances the unboxing experience with minimal cleanup and attractive appeal
- Suitable for both personal and commercial use across various industries",50,18,45,75,FALSE,https://cdn.store.link/products/store18473/9nmi66-csun-1484.jpg?versionId=lu2Wl0wWhoNcTLwyDWxhY.tunCKqgn..,30,TRUE,87,,,New Joinee Program
CSUN-1487,Crinkle Paper - Yellow,Packaging & Others,Packaging & Others,"- Lightweight, shredded packaging material with a distinctive zigzag texture
- Ideal for cushioning, protecting, and presenting items in various packaging
- Commonly used in gift boxes, hampers, and retail product displays
- Adds a decorative and professional touch to packaging presentations
- Helps prevent damage by securely holding items in place during transit
- Made from recyclable materials, supporting eco-friendly practices
- Enhances the unboxing experience with minimal cleanup and attractive appeal
- Suitable for both personal and commercial use across various industries",50,18,45,75,FALSE,https://cdn.store.link/products/store18473/jg6rkx-csun-1487.jpg?versionId=I.QfEwp5lyVoDl85kxMxuUjWLxvdLm4I,30,TRUE,88,,,New Joinee Program
CSUN-1482,Crinkle paper- Red,Packaging & Others,Packaging & Others,"- Lightweight, shredded packaging material with a distinctive zigzag texture
- Ideal for cushioning, protecting, and presenting items in various packaging
- Commonly used in gift boxes, hampers, and retail product displays
- Adds a decorative and professional touch to packaging presentations
- Helps prevent damage by securely holding items in place during transit
- Made from recyclable materials, supporting eco-friendly practices
- Enhances the unboxing experience with minimal cleanup and attractive appeal
- Suitable for both personal and commercial use across various industries",50,18,45,75,FALSE,https://cdn.store.link/products/store18473/afvlf7-csun-1482%2811%29.jpg?versionId=B1bQGS2xWvDKWN9RD0g2PWOR7TKxSlK9,30,TRUE,89,,,Sustainability
CSUN-3428,Magnetic Flip Top Gift Box,Packaging & Others,Packaging & Others,"- Premium rigid construction provides enhanced durability and protection for the contents inside.
- Hinged lid design allows smooth flip-open access while maintaining a sophisticated presentation.
- One-piece box structure ensures stability and a premium unboxing experience.
- Spacious interior accommodates a variety of products, gifts, kits, and promotional items.
- Clean and minimalist design offers an elegant and professional appearance.
- Suitable for corporate gifting, employee welcome kits, product packaging, event giveaways, and presentation purposes.
- Sturdy walls help protect contents from external impact during storage and transportation.
- Smooth surface allows easy customization with logos, branding, printing, embossing, or labeling.
- Reusable design enables long-term use for storage and organization.
- Secure closure helps keep contents neatly contained and protected.
- Ideal for premium gifting and luxury packaging applications.
- Approximate dimensions: 25 cm × 19 cm × 6 cm",100,18,650,1300,FALSE,https://cdn.store.link/products/store18473/qg8ubu-csun-3428.png?versionId=.gJTIA.uk7McJ2SbnhtAcPYIJe.nvOES,21,TRUE,90,,,
CSUN-0064,Elegant Bamboo Pen,Pens,Pens,"Brand: SOIL

- Elegant ballpoint pen with a bamboo body, metal clip
- Made from bamboo for a sustainable, natural look and feel
- Comes with blue ink, push-button mechanism
- Aluminium metal fittings with bamboo barrel
- Weight: 17g
- Material: Bamboo, Metal/Aluminum
- Pen size: 1.1 cm D x 14 cm H",500,18,105,175,FALSE,https://cdn.store.link/products/store18473/to4ywn-csun-0064.png?versionId=A.MBYrMRFYTsCYhjdHMRptYhzqbYrUPZ,45,TRUE,91,,,Sustainability
ADAL-045,Ivory Click Shinning Ballpoint Pen,Pens,Pens,"Brand: Callis

- Stylish click-action mechanism aluminium ballpoint pen
- Soft-touch coating with shiny chrome underlayer when laser engraved
- Pen size: Length 135.00 mm x Diameter 8.00 mm",500,18,135,225,FALSE,https://cdn.store.link/products/store18473/088f0o-adal-045.png?versionId=fQPqJJr3tzKpRCfkFS1SnVCiBMgvM0fY,45,TRUE,92,,,New Joinee Program
ADAL-012,Ivory Pen,Pens,Pens,"Brand: Adalrich

- Stylish click-action mechanism aluminium ballpoint pen
- Soft-touch coating with shiny chrome underlayer when laser engraved
- Pen size: Length 135.00 mm x Diameter 8.00 mm",25,18,135,225,FALSE,https://cdn.store.link/products/store18473/n9rt8q-ivory%20pen4.png?versionId=k3H0hu_GEAcxAteLwBS607dYgFcdm4Oe,14,TRUE,93,,,New Joinee Program
CSUN-0941,KRETA Metal Ball Pen - Black,Pens,Pens,"Brand: Callis


- Matte black body contrasted with sleek steel chrome appointments
- Designer clip fits neatly into your pocket, offering a stylish and functional touch
- Ergonomically designed for a comfortable writing experience
- Ballpoint nib with smooth-flowing black ink
- Uses a metal jotter refill, easily available at regular stationery stores
- Dimensions: 14.5 x 1.3 x 2 cm (L x W x H)
- A reliable, user-friendly writing instrument for everyday use",500,18,45,75,FALSE,https://cdn.store.link/products/store18473/xzdh4c-csun-0941.jpg?versionId=BIJPz7sQlR.ZN_hWmAMi7pMz1piGH7ID,45,TRUE,94,,,
CSUN-0948,SOIL Plantable Seed Pencils-Box Of 12,Pens,Pens,"Brand: Bio Q

- Set of 12 plantable seed pencils – write with them, then plant them once they’re too short to use
- Eco-friendly, biodegradable, non-toxic, sustainable, and made from recycled materials
- Each pencil contains a seed capsule at the end with plant variants such as Marigold, Tomato, Chilli, Okra, Brinjal, Basil, Coriander, Methi, Sunflower, and Spinach
- Encourages sustainability and awareness of eco-living
- Made using high-quality seeds for better germination and growth",25,18,450,750,FALSE,https://cdn.store.link/products/store18473/3mww1r-csun-0948.jpg?versionId=z9mBoV6wdRHFUVn6d_YR_bT3ulndeWd5,7,TRUE,95,,,
CSUN-0124,SOIL Recycled Kraft Pens - Green,Pens,Pens,"Brand : SOIL

- Eco-friendly ballpoint pen crafted from sustainable bamboo
- Features smooth writing performance with comfortable grip
- Stylish colored accents add a modern touch
- Lightweight and durable",25,18,165,275,FALSE,https://cdn.store.link/products/store18473/wg9izy-csun-0124.png?versionId=s2xZZiJeLjp0r4phvpGUKW9cpKbYDN6S,7,TRUE,96,,,"New Joinee Program,Sustainability"
G2932251-5,Sheaffer 100 with A5 Notebook Gift Set,Pens,Pens,"Brand- Sheaffer

-Gift set pairs a Sheaffer 100 ballpoint pen with a medium notebook
- Sleek and modern pen with a tapered silhouette
- Features the Sheaffer White Dot, the trademark symbol of writing excellence
- 160 pages of 90 gsm fountain pen-friendly paper. Easy-to-carry Medium notebook.
- The Sheaffer 300 ballpoint pen is fitted with a black Medium K-Type ballpoint refill. The pen is compatible with all Sheaffer K-type refills.
- Hardbound notebook with premium black leatherette cover
- Presented in a smart gift box",25,18,3116,3895,FALSE,https://cdn.store.link/products/store18473/-o2vh0-sheaffer%20100%20with%20a5%20notebook%20gift%20setg2932251-5.png?versionId=JsrDOmHHwdXwg2VAXRkXdmcDixfQ3Ywq,14,TRUE,97,,,
CSUN-0285,Super Hit Matt Senator Pen - White,Pens,Pens,"Brand: Callis

- Barrel made from recycled material
- Matt opaque barrel with polished clip
- Product size: 149 x 15 x 11mm",500,18,30,50,FALSE,https://cdn.store.link/products/store18473/5z6r8z-csun-0285.png?versionId=Oryp7KQ8_qrWK1hc5AsUfRpLQkaowS_2,45,TRUE,98,,,New Joinee Program
CSUN-3494,Tesla Classic Ball Pen,Pens,Pens,"Brand: Callis

- Premium ballpoint pen with a sleek and contemporary design.
- Durable plastic body offers a lightweight feel for comfortable everyday use.
- Smooth ink flow ensures effortless and consistent writing.
- Fine writing tip delivers clean, precise, and neat lines.
- Ergonomically designed for a comfortable grip during extended writing sessions.
- Matte finish with chrome accents adds a refined and professional appearance.
- Suitable for office use, schools, meetings, conferences, and daily writing tasks.
- Ideal for corporate gifting, promotional campaigns, events, and employee welcome kits.
- Available with blue ink for clear and reliable writing.
- Combines style, functionality, and durability for everyday performance.",25,18,105,175,FALSE,,7,TRUE,99,,,
CSUN-3382,ET-TU Carara Polo T-Shirt,Polos,Polos,"Brand: ET-TU


- Stay cool and comfortable with moisture-wicking fabric that efficiently draws sweat away from the skin.
- Quick-dry technology helps keep you fresh and dry during active use.
- Breathable fabric promotes airflow for enhanced comfort throughout the day.
- Silicon finish provides an exceptionally soft and smooth hand feel.
- Skin-friendly fabric ensures lasting comfort, even during extended wear.
- Classic polo design with a self-fabric collar for a clean and professional appearance.
- Self-fabric front placket with three matching buttons adds a refined finish.
- Set-in short sleeves offer a comfortable regular fit with ease of movement.
- Twin-needle stitching at the bottom hem enhances durability and long-lasting wear.
- Made from 100% polyester for lightweight performance and easy maintenance.
- Lightweight 160 GSM fabric is ideal for everyday wear, corporate uniforms, and team apparel.
- Regular fit available in sizes XS to 4XL, suitable for both men and women.",100,18,1920,3200,TRUE,https://cdn.store.link/products/store18473/uo4n6m-ettu-carara-polo-with-metal-zip.jpg?versionId=Otk4K6DP0Vu9zHIug6CKA.K16c5BSU5b,14,TRUE,100,,,
CSUN-0002,ET-TU Unisex Technical Performance Polo T-Shirt - Rama Blue,Polos,Polos,"Brand: ET-TU


- Crafted from 100% polyester micro pique for durability and comfort
- Features a sturdy 230 GSM fabric weight
- Moisture-wicking knit construction keeps you dry
- Breathable design allows for optimal airflow
- Ideal for activewear or comfortable all-day use
Gender : Unisex",50,18,1575,2625,TRUE,https://cdn.store.link/products/store18473/o0cknv-csun-0002-xs.png?versionId=oKi3Dz4PKP.MyIh91hFYwGOYPdUsJmGY,21,TRUE,101,,,
CSUN-1015,OMG Endurance Men's In & Out Polo T-Shirt - Navy Blue,Polos,Polos,"Brand: OMG

- Crafted with 100% polyester outer and 100% cotton inner for a soft, compacted pre-shrunk feel.  
- Flow bleach/dyed for vibrant colors with guaranteed color fastness.  
- Double-needle stitching on sleeves and hem for enhanced durability.  
- 3-button placket with dyed-to-match buttons for a polished look.  
- Perfect for games or casual outings with friends.  
- 210-220 GSM fabric ensures durability and breathability.  
Gender: Men",100,18,855,1425,TRUE,https://cdn.store.link/products/store18473/ud39jb-csun-1015_xs.png?versionId=dCjt_gLkk_kQLjycwk5zz2Ns7L0.x789,14,TRUE,108,,,
SKEC-001,Skechers Polo T-Shirt,Polos,Polos,"Brand: Skechers

- Skechers Regular Fit Collared Polo T-Shirt in classic navy blue
- Made from 100% polyester fabric for durability and easy care
- Regular fit for comfortable everyday wear
- Available in sizes XS, S, M, L, XL, XXL and 3XL",10,18,1599,1999,TRUE,https://cdn.store.link/products/store18473/xeck82-skechers%20polo%20t-shirt.png?versionId=7Uw48UmeuRevifwI5kqwV3el6prfrBOn,7,TRUE,109,,,
760038A,GILDAN Softstyle Midweight Adult T-Shirt - Sand,T-Shirts,T-Shirts,"Brand: Gildan


- Made from 100% ring-spun cotton for softness and durability.  
- Fabric weight of 185 GSM ensures breathability and quality.
- Diverts waste from landfills through sustainable practices of reducing, reusing, recycling, and recovering materials.
- Gender: Men",500,18,540,900,TRUE,https://cdn.store.link/products/store18473/9213b3-csun-0952.png?versionId=R0NmJ.MeLsL60fM3rbj4YPdRwTISSLVa,60,TRUE,110,,,Sustainability
CSUN-1572,OMG Endurance Men's Round Neck T-Shirt - Light Blue,T-Shirts,T-Shirts,"Brand: OMG

- Made from 100% cotton with a 180 GSM weight for comfort and breathability.  
- Semi-fitted cut provides a flattering shape without being too tight.  
- Combines softness, durability, and style for everyday wear.
- Gender: Unisex",100,18,630,1050,TRUE,https://cdn.store.link/products/store18473/3ctukm-csun-1572%20%281%29.jpg?versionId=CUVQ9q8DmGNvFeIDmbvd6tS_HmJytkFf,14,TRUE,115,,,Personal Milestone
CSUN-0090,OMG Endurance Roundneck T-Shirt - Royal Blue,T-Shirts,T-Shirts,"Brand: OMG


- Made from 100% cotton with a 180 GSM weight for softness and durability.  
- Flexible ribbed crew neck enhances comfort.  
- Bio-washed, anti-pilling finish ensures a smooth and long-lasting texture.  
- Compacted, pre-shrunk material maintains shape and size after washing.  
- Provides a consistent fit with every wear.
- Gender: Unisex",100,18,600,1000,TRUE,https://cdn.store.link/products/store18473/6f0zqr-csun-0090.jpg?versionId=wcZxdGde7zgCdGRM7XCtfGlHOt7OhqTc,14,TRUE,116,,,New Joinee Program
CSUN-1527,OMG Endurance Unisex Round Neck T-Shirt - Black Melange,T-Shirts,T-Shirts,"Brand: OMG


- Made from 100% cotton with a 180 GSM weight for softness and durability.  
- Flexible ribbed crew neck enhances comfort.  
- Bio-washed, anti-pilling finish ensures a smooth and long-lasting texture.  
- Compacted, pre-shrunk material maintains shape and size after washing.  
- Provides a consistent fit with every wear.
- Gender: Unisex",100,18,585,975,TRUE,https://cdn.store.link/products/store18473/7zx18u-csun-1527_xs.png?versionId=8ETB2Qan_DLH3lC5SuC.cFqXPF2c333G,14,TRUE,117,,,New Joinee Program
CSUN-1290,OMG Endurance Unisex Round Neck T-Shirt - Navy Blue,T-Shirts,T-Shirts,"Brand: OMG


- Made from 100% cotton with a 180 GSM weight for softness and durability.  
- Flexible ribbed crew neck enhances comfort.  
- Bio-washed, anti-pilling finish ensures a smooth and long-lasting texture.  
- Compacted, pre-shrunk material maintains shape and size after washing.  
- Provides a consistent fit with every wear.
- Gender: Unisex",100,18,600,1000,TRUE,https://cdn.store.link/products/store18473/26jjqr-csun-1290.jpg?versionId=6nJ8yCXwzAzaVZSad1SxLbttIG3rxuki,14,TRUE,118,,,
CSUN-0978,OMG Endurance Unisex Roundneck T-Shirt - Black Heather,T-Shirts,T-Shirts,"Brand: OMG



- 180 GSM fabric weight
- Made from bio-washed 100% cotton for extra softness
- Anti-pilling fabric ensures long-lasting smoothness
- Compacted and pre-shrunk for a consistent fit
- Available in all solid colours
- Flexible ribbed crew neck for added comfort
- Precisely stitched with no pilling and no fading
- Designed for all-time comfort, suitable for anytime and anywhere
- Gender: Unisex",100,18,630,1050,TRUE,https://cdn.store.link/products/store18473/sqe0s1-csun-0978.jpg?versionId=0RIPYMdR7osSeX00LA0WHus3VH385HH5,14,TRUE,119,,,
CSUN-1580,Neoprene Tote Bag - Black,Totes & Slings,Totes & Slings,"Brand: TravelXOXO


- Made from 600D TPU coated rPET and neoprene using recycled materials
- Spacious open cavity fits towels and large beach essentials
- Interior water-resistant zippered pocket for organized storage
- Versatile carry options with padded grab handles and fixed shoulder straps",25,18,1620,2700,FALSE,https://cdn.store.link/products/store18473/lo4jee-csun-1580.jpg?versionId=4jTPU8005l_sboXwvlsd67css6xAAhl7,14,TRUE,120,,,
OW-ZPBLU,Okami ZenPack LITE Laptop Messenger Bag X Briefcase with USB Fast-Charging for Laptops up to 15.6 inches (Kyoto Black),Totes & Slings,Totes & Slings,"Brand: OKAMI


- The ZenPack LITE Messenger Bag by Okami is designed for executives, creatives, travelers, and commuters, combining sleek design with high functionality.
- Built to adapt to different needs, it serves as a versatile everyday carry solution.
- Features a dedicated laptop compartment for devices up to 15.6 inches and a padded section for tablets up to 11 inches.
- Includes a spacious main compartment along with a total of 3 compartments for better organization and storage.
- Equipped with Okami’s integrated fast-charging system for seamless device charging on the go.
- Comes with a weather shield cover to protect charging ports from rain and dust.
- Offers convertible carry options, allowing use as both a messenger bag and a briefcase.
- Includes a detachable padded shoulder strap with durable metal hardware and vegan leather accents.
- Features a quick-access external slip pocket for easy access to documents.
- Made with durable, water-resistant fabric and zippers, engineered in collaboration with DRYE by Okami.
- Designed to withstand light rain and accidental spills.",100,18,3999,4999,TRUE,https://cdn.store.link/products/store18473/6unu9g-zenpack%20blue.png?versionId=70R0t0RGJp6SXvBIn2IPv_FtW6qVZSQ8,7,TRUE,121,,,
CSUN-1133,SOIL Canvas Tote Bag - Natural,Totes & Slings,Totes & Slings,"Brand: SOIL

- Made from eco-friendly, high-quality 12 oz cotton canvas
- Designed to hold its shape for long-lasting use
- Ideal for work, groceries, or everyday errands
- Classic design suitable for various occasions
- Size: 14"" W x 16"" H x 3"" D inches",25,18,420,700,FALSE,https://cdn.store.link/products/store18473/789ppe-csun-1133.jpg?versionId=dUdYqPYfgU0Od8ZHvEwXYCtTcsG0VOhA,14,TRUE,122,,,"New Mom & Baby Kit,Sustainability"
CSUN-1165,SOIL Two Tone Canvas Drawstring Backpack,Totes & Slings,Totes & Slings,"Brand: SOIL


- Made from natural canvas material with a color accent on the bottom
- Lightweight and easy to carry for daily use
- Crafted from 100% cotton, making it sustainable and eco-friendly
- Spacious and practical with a simple drawstring closure
- Size: 14"" W x 17.5"" H inches",25,18,375,625,FALSE,https://cdn.store.link/products/store18473/fo4wlt-csun-1165.jpg?versionId=Qan1ULeTa2pKdnjzJay27uGcv0KFF0pY,14,TRUE,123,,,Sustainability
BACK-060,The Backbencher Texas Laptop Bag,Totes & Slings,Totes & Slings,"Brand: The Backbencher

- Laptop bag crafted from nylon canvas with vegan leather accents  
- Sleek professional design with cushioned build  
- Includes detachable shoulder strap for versatile carrying  
- Organized with inner pocket and single zipper pocket  
- Suitable for laptops up to 15 inches  
- Dimensions: 16.5 × 11 × 2.5 inches  
- Available in navy blue & grey and black & grey color options  
- Comes packaged in a craft paper box for eco-conscious presentation",25,18,2319,2899,FALSE,https://cdn.store.link/products/store18473/b-97bd-texas%20laptop%20bag1.png?versionId=MLOI._Kcd7Fb8zWs7GXQ.WRxvzR_F3FG,14,TRUE,124,,,
CSUN-0296,travelXOXO Drawstring Bag - Mesh Window - Black,Totes & Slings,Totes & Slings,"Brand: travelXOXO

-Convenient drawstring cinch pack for a hands-free solution to carry necessities
-Made from durable 210-denier nylon with black simulated fabric trim at the corners
-Features a large front zipper compartment for accessories
-Drawstrings double as shoulder straps for easy carrying
-Size: W 14"""" x H 17.5"""" inches",25,18,435,725,FALSE,https://cdn.store.link/products/store18473/d-iuf9-csun-0296.jpg?versionId=DfV750gadRnGCw5u26bf1ZPU5sYOykNF,14,TRUE,125,,,New Joinee Program
FW2 (1) XX 001,American Tourister Sprint,Travel Extreme,Travel Extreme,"Brand: American Tourister 

Cabin Size – 55 CM

- Lightweight polypropylene hard-shell luggage designed for convenient cabin travel and short trips
- Cabin-friendly dimensions of 40 x 55 x 23 cm with a storage capacity of 34 litres
- Weighs approximately 2.39 kg, making it easy to carry and manoeuvre during travel
- Built with armoured impact-resistant material for improved durability and protection during transit
- Features a fixed 3-digit combination lock system for secure storage of belongings
- Smooth double-wheel configuration enables stable movement and effortless navigation across surfaces
- Ergonomic grip handle and telescopic trolley system provide comfortable handling and portability
- Interior packing straps help keep clothing and essentials organised and secure
- Modern hard-shell exterior design suitable for both leisure and business travel",25,18,7040,8800,TRUE,https://cdn.store.link/products/store18473/xexmji-sprint.png?versionId=cpMDll8xjZ3GesUmGVBYDCNhrum0D6Kr,14,TRUE,126,,,
CSUN-0908,SOIL Canvas Single Zip Pouch,Travel Extreme,Travel Extreme,"Brand: SOIL

- Stylish natural canvas pouch with a secure zipper.  
- Compact and chic design for everyday essentials.  
- Perfect for organizing makeup, tools, and travel items.  
- Neutral-toned with a convenient top zipper.  
- Size: 7.5"" H x 5.9"" W.",25,18,195,325,FALSE,https://cdn.store.link/products/store18473/dgfqlv-csun-0908.jpg?versionId=YNC6HnJQLMTUoI3jnnp0.inVdh.a8ISK,14,TRUE,127,,,Sustainability
SWISS-037,Swiss Military Starkey Hard Top Trolley Luggage,Travel Extreme,Travel Extreme,"Brand: Swiss Military

- Crafted from SwissFlex ultra-lightweight polypropylene (PP) material for exceptional durability, impact resistance, and ease of handling.
- Hard-shell construction provides enhanced protection for belongings during business trips, vacations, and frequent travel.
- Distinctive 3D geometric textured design delivers a modern, premium appearance while helping minimize visible scratches and scuffs.
- Spacious interior compartment offers efficient packing and organization for clothing, accessories, and travel essentials.
- Premium inner lining enhances durability and provides a refined travel experience.
- Elastic separator compartment helps keep belongings secure, organized, and neatly arranged during transit.
- Smooth 360° spinner wheels ensure effortless, silent movement across airports, hotels, and various travel surfaces.
- Ergonomic push-button metal trolley handle allows comfortable maneuverability and adjustable height control.
- Integrated 3-dial combination lock provides added security and peace of mind while traveling.
- Lightweight design reduces carrying effort without compromising on strength and reliability.
- Ideal for business travel, leisure trips, weekend getaways, and corporate gifting purposes.
- Designed to combine functionality, security, and premium aesthetics for modern travelers.
- Cabin luggage capacity: 44 Litres.
- Dimensions: 35 x 23 x 55 cm.
- Suitable as carry-on luggage for convenient short-distance and business travel.
- Color and finish designed to maintain a sophisticated and professional appearance throughout frequent use.",25,18,7199,8999,TRUE,https://cdn.store.link/products/store18473/6ifnce-swiss-037.png?versionId=5SpMnOSK0dBHYvZblqP4.8YhMLJmW4o2,14,TRUE,128,,,
CSUN-0177,travelXOXO Ladies Hanging Cosmetic Bag,Travel Extreme,Travel Extreme,"Brand:travelXOXO

- Made from 100% polyester outer material
- Ideal for organizing valuables while traveling
- Features an adjustable, detachable carry strap
- Main and inner compartments with zip closures
- Includes an additional external compartment
- Extra pockets for organizing accessories
- Top opening allows quick and easy access
- Adjustable shoulder strap for comfortable carrying
- Dimensions: 6.75"" x 12.5"" x 3.25""",50,18,825,1375,FALSE,https://cdn.store.link/products/store18473/icwt10-csun-0177%20%281%29.jpg?versionId=cPlyvl5mxdyey.22DQDKOv.2bmUiz4Dl,14,TRUE,129,,,New Mom & Baby Kit
CSUN-0379,travelXOXO X-POD Sling Pack,Travel Extreme,Travel Extreme,"Brand:travelXOXO

- Sleek and lightweight design for everyday convenience
- Adjustable belt strap ensures a secure and comfortable fit
- Main zippered pocket keeps essentials organized and within reach
- Perfect for travel, outdoor adventures, or casual daily wear",50,18,1485,2475,FALSE,https://cdn.store.link/products/store18473/vukl7d-csun-0379.jpg?versionId=4jtqFewcODyNsWymrFXI807E8Z1Xnp.z,14,TRUE,130,,,
