variant_sku,parent_sku,size,stock_qty,active
CSUN-0226,CSUN-0226,325 ml,1,TRUE
CSUN-0306,CSUN-0306,OS,1,TRUE
CSUN-3414,CSUN-3414,OS,1,TRUE
URBAN-322,URBAN-322,350 ml,1,TRUE
CSUN-0124,CSUN-0124,NA,1,TRUE
CSUN-1556,CSUN-1556,NA,1,TRUE
CSUN-0315,CSUN-0315,OS,1,TRUE
CSUN-0090_XS,CSUN-0090,XS,1,TRUE
CSUN-0090_S,CSUN-0090,S,1,TRUE
CSUN-0090_M,CSUN-0090,M,1,TRUE
CSUN-0090_L,CSUN-0090,L,1,TRUE
CSUN-0090_XL,CSUN-0090,XL,1,TRUE
CSUN-0090_2XL,CSUN-0090,2XL,1,TRUE
CSUN-0090_3XL,CSUN-0090,3XL,1,TRUE
CSUN-0139,CSUN-0139,OS,1,TRUE
CSUN-3417,CSUN-3417,OS,1,TRUE
CSUN-1488,CSUN-1488,NA,1,TRUE
CSUN-1488,CSUN-1488,NA,40,TRUE
CSUN-1490,CSUN-1490,NA,1,TRUE
URBAN-156,URBAN-156,750 ml,1,TRUE
CSUN-3481,CSUN-3481,OS,1,TRUE
CSUN-3527,CSUN-3527,OS,1,TRUE
CSUN-0285,CSUN-0285,NA,723,TRUE
CSUN-1484,CSUN-1484,NA,1,TRUE
CSUN-1311,CSUN-1311,NA,1,TRUE
CSUN-0296,CSUN-0296,NA,1,TRUE
CSUN-1487,CSUN-1487,NA,32,TRUE
CSUN-3584,CSUN-3584,OS,1,TRUE
CSUN-3494,CSUN-3494,OS,1,TRUE
CSUN-3568,CSUN-3568,OS,1,TRUE
CSUN-0277,CSUN-0277,NA,35,TRUE
CSUN-0063,CSUN-0063,250 ml,1,TRUE
CSUN-0702,CSUN-0702,OS,1,TRUE
CSUN-0265,CSUN-0265,NA,1,TRUE
CSUN-1527_XS,CSUN-1527,XS,1,TRUE
CSUN-1527_S,CSUN-1527,S,1,TRUE
CSUN-1527_M,CSUN-1527,M,1,TRUE
CSUN-1527_L,CSUN-1527,L,1,TRUE
CSUN-1527_XL,CSUN-1527,XL,1,TRUE
CSUN-1527_2XL,CSUN-1527,2XL,1,TRUE
CSUN-1527_3XL,CSUN-1527,3XL,1,TRUE
CSUN-0273,CSUN-0273,NA,143,TRUE
CSUN-0082,CSUN-0082,500 ml,35,TRUE
ADAL-045,ADAL-045,OS,1,TRUE
CSUN-0344,CSUN-0344,NA,1,TRUE
ADAL-012,ADAL-012,OS,1,TRUE
CSUN-0081,CSUN-0081,500 ml,44,TRUE
CSUN-3348,CSUN-3348,OS,1,TRUE
CSUN-3348,CSUN-3348,OS,1,TRUE
CSUN-1282,CSUN-1282,OS,1,TRUE
CSUN-0353,CSUN-0353,OS,1,TRUE
SATR-003,SATR-003,NA,1,TRUE
CSUN-0901,CSUN-0901,OS,1,TRUE
CSUN-3428,CSUN-3428,OS,1,TRUE
CSUN-1482,CSUN-1482,NA,1,TRUE
CSUN-1281,CSUN-1281,OS,1,TRUE
Infant Bodysuit - Set of 1-OS,Infant Bodysuit - Set of 1,OS,0,TRUE
Bib  Gucci-OS,Bib  Gucci,OS,0,TRUE
ZKMPL-001,ZKMPL-001,OS,1,TRUE
CSUN-1133,CSUN-1133,NA,1,TRUE
URBAN-296,URBAN-296,500 ml,70,TRUE
CSUN-0177,CSUN-0177,NA,1,TRUE
CSUN-3478,CSUN-3478,OS,0,TRUE
CSUN-0698,CSUN-0698,OS,38,TRUE
CSUN-0307,CSUN-0307,NA,1,TRUE
CSUN-0948,CSUN-0948,OS,1,TRUE
CSUN-0905,CSUN-0905,NA,1,TRUE
CSUN-1165,CSUN-1165,NA,1,TRUE
CSUN-1485,CSUN-1485,NA,1,TRUE
760038ASM,760038ASM,S,0,TRUE
760038AMD,760038AMD,M,0,TRUE
760038ALG,760038ALG,L,0,TRUE
760038AXL,760038AXL,XL,0,TRUE
760038A2X,760038A2X,2XL,0,TRUE
CSUN-0908,CSUN-0908,NA,1,TRUE
UG 02,UG 02,450 ml,1,TRUE
CSUN-0064,CSUN-0064,NA,94,TRUE
CSUN-0350,CSUN-0350,OS,1,TRUE
ADAL-048,ADAL-048,500 ML,239,TRUE
CSUN-0123,CSUN-0123,OS,1,TRUE
URBAN-210,URBAN-210,NA,1,TRUE
CSUN-0941,CSUN-0941,OS,1,TRUE
CSUN-3512,CSUN-3512,OS,1,TRUE
CSUN-1572_XS,CSUN-1572,XS,1,TRUE
CSUN-1572_S,CSUN-1572,S,7,TRUE
CSUN-1572_M,CSUN-1572,M,78,TRUE
CSUN-1572_L,CSUN-1572,L,76,TRUE
CSUN-1572_XL,CSUN-1572,XL,26,TRUE
CSUN-1572_2XL,CSUN-1572,2XL,40,TRUE
CSUN-1572_3XL,CSUN-1572,3XL,46,TRUE
UG-DB65,UG-DB65,OS,1,TRUE
CSUN-0356_XS,CSUN-0356,XS,10,TRUE
CSUN-0356_S,CSUN-0356,S,15,TRUE
CSUN-0356_M,CSUN-0356,M,15,TRUE
CSUN-0356_L,CSUN-0356,L,15,TRUE
CSUN-0356_XL,CSUN-0356,XL,15,TRUE
CSUN-0356_2XL,CSUN-0356,2XL,10,TRUE
CSUN-0356_3XL,CSUN-0356,3XL,1,TRUE
CSUN-0314,CSUN-0314,OS,1,TRUE
CSUN-0978_XS,CSUN-0978,XS,1,TRUE
CSUN-0978_S,CSUN-0978,S,1,TRUE
CSUN-0978_M,CSUN-0978,M,1,TRUE
CSUN-0978_L,CSUN-0978,L,1,TRUE
CSUN-0978_XL,CSUN-0978,XL,1,TRUE
CSUN-0978_2XL,CSUN-0978,2XL,1,TRUE
CSUN-0978_3XL,CSUN-0978,3XL,1,TRUE
CSUN-1015_XS,CSUN-1015,XS,1,TRUE
CSUN-1015_S,CSUN-1015,S,1,TRUE
CSUN-1015_M,CSUN-1015,M,1,TRUE
CSUN-1015_L,CSUN-1015,L,1,TRUE
CSUN-1015_XL,CSUN-1015,XL,1,TRUE
CSUN-1015_2XL,CSUN-1015,2XL,1,TRUE
CSUN-1015_3XL,CSUN-1015,3XL,1,TRUE
CSUN-0357_XS,CSUN-0357,XS,1,TRUE
CSUN-0357_S,CSUN-0357,S,1,TRUE
CSUN-0357_M,CSUN-0357,M,1,TRUE
CSUN-0357_L,CSUN-0357,L,1,TRUE
CSUN-0357_XL,CSUN-0357,XL,1,TRUE
CSUN-0357_2XL,CSUN-0357,2XL,1,TRUE
CSUN-0357_3XL,CSUN-0357,3XL,1,TRUE
CSUN-1220,CSUN-1220,NA,1,TRUE
CSUN-3480,CSUN-3480,OS,1,TRUE
CSUN-3629,CSUN-3629,OS,1,TRUE
CSUN-0875,CSUN-0875,OS,1,TRUE
RARE-071_XS,RARE-071,XS,1,TRUE
RARE-071_S,RARE-071,S,1,TRUE
RARE-071_M,RARE-071,M,1,TRUE
RARE-071_L,RARE-071,L,1,TRUE
RARE-071_XL,RARE-071,XL,1,TRUE
RARE-071_2XL,RARE-071,XXL,1,TRUE
RARE-071_3XL,RARE-071,3XL,1,TRUE
RARE-071_4XL,RARE-071_4XL,4XL,1,TRUE
JAJO-089_XS,JAJO-089,XS,1,TRUE
JAJO-089_S,JAJO-089,S,1,TRUE
JAJO-089_M,JAJO-089,M,1,TRUE
JAJO-089_L,JAJO-089,L,1,TRUE
JAJO-089_XL,JAJO-089,XL,1,TRUE
JAJO-089_2XL,JAJO-089,XXL,1,TRUE
JAJO-089_3XL,JAJO-089,XXXL,1,TRUE
SKEC-001,SKEC-001,XS,1,TRUE
SKEC-001,SKEC-001,S,1,TRUE
SKEC-001,SKEC-001,M,1,TRUE
SKEC-001,SKEC-001,L,1,TRUE
SKEC-001,SKEC-001,XL,1,TRUE
SKEC-001,SKEC-001,2XL,1,TRUE
SKEC-001,SKEC-001,3XL,1,TRUE
ARTIS-001,ARTIS-001,OS,1,TRUE
SWISS-037,SWISS-037,55 Cm,1,TRUE
BOTALL-015,BOTALL-015,OS,1,TRUE
NA120/00,NA120/00,OS,1,TRUE
OTOMM-013,OTOMM-013,OS,1,TRUE
COLU-001,COLU-001,S,1,TRUE
COLU-001,COLU-001,M,1,TRUE
COLU-001,COLU-001,L,1,TRUE
COLU-001,COLU-001,XL,1,TRUE
COLU-001,COLU-001,XXL,1,TRUE
OW-GPOMNPKBLK,OW-GPOMNPKBLK,OS,1,TRUE
MOKO-018,MOKO-018,OS,1,TRUE
6111990716,6111990716,NA,1,TRUE
CSUN-1429_XS,CSUN-1429,XS,1,TRUE
CSUN-1429_S,CSUN-1429,S,1,TRUE
CSUN-1429_M,CSUN-1429,M,1,TRUE
CSUN-1429_L,CSUN-1429,L,1,TRUE
CSUN-1429_XL,CSUN-1429,XL,1,TRUE
CSUN-1429_2XL,CSUN-1429,2XL,1,TRUE
CSUN-1429_3XL,CSUN-1429,3XL,1,TRUE
MONT-039_XS,MONT-039,XS,1,TRUE
MONT-039_S,MONT-039,S,1,TRUE
MONT-039_M,MONT-039,M,1,TRUE
MONT-039_L,MONT-039,L,1,TRUE
MONT-039_XL,MONT-039,XL,1,TRUE
MONT-039_2XL,MONT-039,2XL,1,TRUE
MONT-039_3XL,MONT-039,3XL,1,TRUE
OW-NMDBLK,OW-NMDBLK,"15.6""",1,TRUE
OW-ZPBLU,OW-ZPBLU,"11""",1,TRUE
BACK-060,BACK-060,OS,1,TRUE
FW2 (1) XX 001,FW2 (1) XX 001,34 L,1,TRUE
AQUA-001,AQUA-001,600 ml,1,TRUE
JBL-051,JBL-051,NA,1,TRUE
G2932251-5,G2932251-5,OS,1,TRUE
CSUN-1290_XS,CSUN-1290,XS,1,TRUE
CSUN-1290_S,CSUN-1290,S,1,TRUE
CSUN-1290_M,CSUN-1290,M,1,TRUE
CSUN-1290_L,CSUN-1290,L,1,TRUE
CSUN-1290_XL,CSUN-1290,XL,1,TRUE
CSUN-1290_2XL,CSUN-1290,2XL,1,TRUE
CSUN-1290_3XL,CSUN-1290,3XL,1,TRUE
CSUN-3382,CSUN-3382,XS,1,TRUE
CSUN-3382,CSUN-3382,S,1,TRUE
CSUN-3382,CSUN-3382,M,1,TRUE
CSUN-3382,CSUN-3382,L,1,TRUE
CSUN-3382,CSUN-3382,XL,1,TRUE
CSUN-3382,CSUN-3382,2XL,1,TRUE
CSUN-3382,CSUN-3382,3XL,1,TRUE
CSUN-0002-XS,CSUN-0002-XS,XS,1,TRUE
CSUN-0002-S,CSUN-0002-S,S,1,TRUE
CSUN-0002-M,CSUN-0002-M,M,1,TRUE
CSUN-0002-L,CSUN-0002-L,L,1,TRUE
CSUN-0002-XL,CSUN-0002-XL,XL,1,TRUE
CSUN-0002-2XL,CSUN-0002-2XL,2XL,1,TRUE
CSUN-0002-3XL,CSUN-0002-3XL,3XL,1,TRUE
CSUN-3390,CSUN-3390,XS,1,TRUE
CSUN-3390,CSUN-3390,S,1,TRUE
CSUN-3390,CSUN-3390,M,1,TRUE
CSUN-3390,CSUN-3390,L,1,TRUE
CSUN-3390,CSUN-3390,XL,1,TRUE
CSUN-3390,CSUN-3390,2XL,1,TRUE
CSUN-3390,CSUN-3390,3XL,1,TRUE
CSUN-3440,CSUN-3440,XS,1,TRUE
CSUN-3440,CSUN-3440,S,1,TRUE
CSUN-3440,CSUN-3440,M,1,TRUE
CSUN-3440,CSUN-3440,L,1,TRUE
CSUN-3440,CSUN-3440,XL,1,TRUE
CSUN-3440,CSUN-3440,2XL,1,TRUE
CSUN-3440,CSUN-3440,3XL,1,TRUE
CSUN-3652,CSUN-3652,XS,1,TRUE
CSUN-3652,CSUN-3652,S,1,TRUE
CSUN-3652,CSUN-3652,M,1,TRUE
CSUN-3652,CSUN-3652,L,1,TRUE
CSUN-3652,CSUN-3652,XL,1,TRUE
CSUN-3652,CSUN-3652,2XL,1,TRUE
CSUN-3652,CSUN-3652,3XL,1,TRUE
CSUN-0631,CSUN-0631,OS,1,TRUE
CSUN-1538_XS,CSUN-1538,XS,1,TRUE
CSUN-1538_S,CSUN-1538,S,1,TRUE
CSUN-1538_M,CSUN-1538,M,1,TRUE
CSUN-1538_L,CSUN-1538,L,1,TRUE
CSUN-1538_XL,CSUN-1538,XL,1,TRUE
CSUN-1538_2XL,CSUN-1538,2XL,1,TRUE
CSUN-1538_3XL,CSUN-1538,3XL,1,TRUE
CSUN-0379,CSUN-0379,NA,1,TRUE
CSUN-1580,CSUN-1580,NA,1,TRUE
CSUN-3350,CSUN-3350,OS,1,TRUE
CSUN-3340,CSUN-3340,OS,1,TRUE
CSUN-3668,CSUN-3668,NA,1,TRUE
CSUN-0345,CSUN-0345,NA,1,TRUE
CSUN-1610,CSUN-1610,NA,1,TRUE
Smoor Cookies-NA,Smoor Cookies,NA,1,TRUE
Phool Incense Cones-NA,Phool Incense Cones,NA,1,TRUE
CSUN-1312,CSUN-1312,OS,1,TRUE
Smoor Strawberrry Nougat Bar Pack of 15 Bar Gift Pack (15 x 24 g)-OS,Smoor Strawberrry Nougat Bar Pack of 15 Bar Gift Pack (15 x 24 g),OS,1,TRUE
Phool Handmade Ceramic Lotus Diyas-NA,Phool Handmade Ceramic Lotus Diyas,NA,1,TRUE
CSUN-3671,CSUN-3671,OS,1,TRUE
OTOMM-015,OTOMM-015,OS,1,TRUE
NA,NA,OS,1,TRUE
NA,NA,OS,1,TRUE
NA,NA,OS,1,TRUE
NA,NA,OS,1,TRUE
NA,NA,OS,1,TRUE
NA,NA,OS,1,TRUE
NA,NA,OS,1,TRUE
NA,NA,OS,1,TRUE
NA,NA,OS,1,TRUE
NA,NA,OS,1,TRUE
