1G8k7vluU6aEljnp8ZpzEi-DzxF9Qz0RF	wm-2.jpg
1vCCuDUNdIUIyMsnbqiI92ba3sCZGrrMp	wm-1.jpg
1S_H-96m0z1t67suaxsedbA-BcbWnTX41	wm-3.jpg
1NDBCEso1u4ECZ_kH69oZZeRHNHiPymzf	FG-16.jpg
15GBXL9SRPmAdxaV20dre-8dw0VNnB8Jb	Sustainable-3.jpg
1MWaCoOzfNqFeT3CFwl8Dpc1d6ki92gRd	Sustainable-4.jpg
1KDcL7sPpO16NzPBWCdtaq4vdwbRUESeL	ERR-8.jpg
1ckiEZUa88O5130jPXjVs8ZXcgU50Gh7u	FG-5.jpg
1BzqZ3OMf5339tDxUbI-SnlwnHNYaYhOh	Personal-Milestone-4.jpg
1FIT-nwYB1HhlT0gbHFkV0jIH2d3HvUqG	Personal-Milestone-2.jpg
1El8UdvYWcG-fF-oHd3TXg4ovHFiQdD5t	ERR-1.jpg
1gYCXLLKiy97_lwwRGTjMDM67-cp899ID	FG-6.jpg
12dzD70v27OS44BPTjQzy5UuKakOEUhap	Sustainable-1.jpg
1YgdwOho_7bIw0L6NzkGL-xJcA7Ul7rZX	Employee-Recognition-&-Rewards-1.jpg
1Nqx2YomGtrXfEzZcaZITJqSatJ9YVIXK	PM-2.jpg
1iFOzg14dzrW2SIC_O8YtMg1kCKoOhzlu	New-Mom-&-Baby-kit-1.jpg
11LeZXnAubRkNnea96TLLzqFo7mpGpaXl	Personal-Milestone-3.jpg
1horFiD_fjtTReDNoUEV6R6IvqS1Fode9	New-Joinee-Kit-6.jpg
1_wkfF1ZUIzGglPusKLKTVpfZZcJ5bW2c	New-Joinee-Kit-5.jpg
1w4OqNq0cgTLtU8vvUo6OjE6ITx-MCeGV	New-Joinee-Kit-8.jpg
1UwYrtP2jzMQkRIyBRBU2nTxsHx8li2bK	Glass Tea & Serving Set.png
15oGCc_inZ6F_KrRrQbpRCc3RLwVroPwG	PM-1.jpg
1AEmJfM7W4hW6s-HRH2-ZrIlOYBFLv0xW	Employee-Recognition-&-Rewards-4.jpg
1x-dantQBFO--mWdbH99OnxWYdqm1S5kv	FG-15.jpg
1AafxSJ_-jbBgbAoRTpjPz-Rm8K1pa4Jx	New-Joinee-Kit-4.jpg
1-9Jm_4HqKZTLpaZaIr-UykN_YQukyCQN	ERR-7.jpg
18vx_fXKzXNOVp3b0a1ObMXcB3WE6t27M	FG-11.jpg
1AwDDmAZOBbDlI5kHHslAu5dO_96d9NFR	Sustainable-2.jpg
1rdoZDU0n2mVzDIgDGgIlP6bF8YdtQbmj	Employee-Recognition-&-Rewards-2.jpg
1e2gfo0Jh1QmSWKxKIowzWamiNp5UEshl	Employee-Recognition-&-Rewards-3.jpg
1RSzKKkKKUkUP8Zh47q4Vi6QdLFL-EBfM	New-Mom-&-Baby-kit-3.jpg
10Ht3sRA8LGIfNyJUooRunvCcleS0_owk	New-Joinee-Kit-3.jpg
1mS6BTyOo1skdZriG88GlYORVN_Xcaac1	New-Mom-&-Baby-kit-2.jpg
1eCBDQOy0FNY8h3n7sAxVN453RaH6Qojd	New-Joinee-Kit-7.jpg
1DmH1i7YEwAQ4a4D17J2dP1Sa5WYBy6kK	New-Joinee-Kit-2.jpg
1vfXugq1N2zoXIfqxjEhNLVogrFHR-wCU	New-Mom-&-Baby-kit-4.jpg
11y8RueGNN5mLBP-gFVGpu6vT9Jt60aNj	PM-3.jpg
1VSCvmC8RvCcg2Z0ZklBxy8zRwBok5FaM	FG-1.jpg
1M1OTvx946-vtfEAN7Ydc3T6-UphYVVxS	ERR-5.jpg
10r4qhS-FSyolxDmdIcQXYzfS0lLFCN9X	ERR-11.jpg
1kdmy0YjWdXJ9oJtDLMaEWt3awfWVRFkj	FG-3.jpg
1LmSeMD-KeoGFqTP1jMahbf1dvBQ2AEgd	FG-10.jpg
1iriSvfdOfPPz2W34IggcmPT3gXmZedAT	FG-8.jpg
14zsbFtNb5W5mYSn6SLanrFhs3KF-WKxJ	New-Joinee-Kit-1.jpg
17Dt_LFqYMUP4_VFV8lXeyg5hCkYLo1p_	ERR-2.jpg
15hFIHAaVQUhKiSUiJgWLYI2QEuQpY5X9	Personal-Milestone-1.jpg
1KiZzCqUFeKjNopyWMbbkQU3PDEFk-02P	NJ-2.jpg
